BAYARISCHE MOTOREN WERKE AG,BMW GY,2
MARINE HARVEST,MOWI NO,2
HANSA BIOPHARMA AB,HNSA SS,1
NTT DOCOMO INC,9437 JP,1
ATandT Inc.,T US,11
"EQUINIX, INC.",EQIX US,15
"IRHYTHM TECHNOLOGIES, INC.",IRTC US,3
FUSHAN INTRNATIONAL ENERGY,639 HK,1
"TRIUMPH GROUP, INC.",TGI,2
"World Wrestling Entertainment, Inc.",WWE US,1
TRISURA GROUP LTD,TSU CN,1
"ZYNERBA PHARMACEUTICALS, INC.",ZYNE,2
BAUSCH HEALTH COMPANIES INC.,BHC,6
COLES GROUP LTD,COL AU,1
GOOGLE,GOOG,97
ZALANDO SE,ZAL GY,5
SOLARPACK CORP TECHNOLGICA,SPK SM,1
IWG PLC,IWG LN,3
BNP PARIBAS,BNP FP,3
"LINCOLN ELECTRIC HOLDINGS, INC.",LECO US,1
CRONOS GROUP INC,CRON CN,3
"SPS COMMERCE, INC.",SPSC US,2
"LEIDOS HOLDINGS, INC.",LDOS US,4
VEEVA SYSTEMS INC.,VEEV US,15
WORKHORSE GROUP INC.,WKHS US,1
FREDDIE MAC,FMCC PERP,1
ARTHUR J. GALLAGHER andamp; CO.,AJG US,3
BEGA CHEESE LTD,BGA AU,1
TYCO ELECTRONICS LTD,TEL US,4
ALPHABET INC.,GOOGL US,113
"Cracker Barrel Old Country Store, Inc.",CBRL,1
ELECTRONIC ARTS INC.,EA US,24
Big 5 Sporting Goods Corporation,BGFV,1
"REVOLVE GROUP, INC.",RVLV US,2
"WESCO INTERNATIONAL, INC.",WCC US,3
Fathom Holdings Inc,FTHM US,1
CARNIVAL PLC,CUK,2
CUBESMART,CUBE,1
ALIBABA HEALTH INFORMATION T,241 HK,5
"ICU MEDICAL, INC.",ICUI,1
DIASORIN SPA,DIA IM,5
MITSUBISHI ESTATE LOGISTICS,3481 JP,1
"PROTALIX BIOTHERAPEUTICS, INC.",PLX US,2
HAITIAN,1882 HK,1
LEG IMMOBILIEN AG,LEG GY,5
"DSP Group, Inc.",DSPG,13
HAYS PLC,HAS LN,1
ASAHI BREWERIES LTD,2502 JP,1
UNUM GROUP,UNM,1
"COMMSCOPE HOLDING COMPANY, INC.",COMM,2
VALLOUREC SA,VK FP,1
GLOBAL MEDICAL REIT INC.,GMRE,1
"Franklin Resources, Inc.",BEN US,1
Honeywell International Inc.,HON US,13
iRobot Corporation,IRBT,5
VYNE THERAPEUTICS INC.,VYNE,2
CELLECT BIOMED LTD-CW21,APOPW,2
MEIJI HOLDINGS CO LTD,2269 JP,1
ROLLS-ROYCE HOLDINGS PLC,RYCEY,9
STRATASYS LTD,SSYS US,6
MODERN TIMES GROUP-B SHS,MTGB SS,1
ON SEMICONDUCTOR CORPORATION,ON,5
INFINEON TECH.,IFX GY,1
McKesson Corporation,MCK US,4
Waitr Holdings Inc.,WTRH,1
EUROPCAR MOBILITY GROUP,EUCAR FP,1
DATA#3 LTD,DTL AU,1
"HUBSPOT, INC.",HUBS,10
"Aaronand#39;s, Inc.",AAN US,2
PEARSON PLC,PSON LN,1
ARES CAPITAL CORPORATION,ARCC,1
FedEx Corporation,FDX US,53
VISTEON CORPORATION,VC US,1
IBERDROLA SA,IBE SM,2
3I GROUP PLC,III LN,1
Danaher Corporation,DHR US,9
PRIME US REIT,PRIME SP,12
MICHELIN (CGDE(,ML FP,1
PRUDENTIAL FINANCIAL INC,PRU UN,1
"Match Group, Inc.",MTCH US,11
Cadence Design Systems,CDNS US,11
"Ormat Technologies, Inc.",ORA US,12
STERIS PLC,STE UN,1
AXFOOD AB,AXFO SS,4
SPLUNK INC.,SPLK,12
PRIMARY HEALTH PROPERTIES,PHP LN,1
OSRAM LICHT AG,OSR GY,1
MOODYand#39;S CORPORATION,MCO US,17
AUB GROUP LTD,AUB AU,1
NEW WORK SE,NWO GY,3
"CHINA BIOLOGIC PRODUCTS HOLDINGS, INC.",CBPO US,1
PPG INDUSTRIES INC,PPG UN,1
PFEIFFER VACUUM TECHNOLOGY,PFV GY,1
MARATHON PETROLEUM CORPORATION,MPC,2
"METHODE ELECTRONICS, INC.",MEI US,1
Lockheed Martin Corporation,LMT US,20
RYANAIR HOLDINGS PLC,RYA ID,1
VOYAGER THERAPEUTICS INC,VYGR UW,1
TERRASCEND CORP,TER CN,3
KONE OYJ-,KNEBV FH,1
GROUPE DANONE,BN FP,2
TELEFLEX INCORPORATED,TFX US,2
"SKYWORKS SOLUTIONS, INC.",SWKS US,7
SOLARPACK CORP TECNOLOGICA S,SPK SM,15
SMARTSHEET INC.,SMAR US,5
"Post Holdings, Inc.",POST,1
SAMSUNG,SMSN LI,31
PLASTIC OMNIUM,POM FP,1
"QORVO, INC.",QRVO US,7
"HIMAX TECHNOLOGIES, INC.",HIMX US,2
WASTE CONNECTIONS INC,WCN CN,1
ConocoPhillips,COP US,3
ABN AMRO BANK NV-CVA,ABN NA,1
"LIFE STORAGE, INC.",LSI,3
REGENERON PHARMACEUTICALS,REGN UW,1
Open Text Corporation,OTEX,7
Truist Financial Corporation,TFC US,1
NIPPON PROLOGIS REIT INC,3283 JP,1
Royal Dutch Shell plc,RDS/A US,6
"PROS Holdings, Inc.",PRO US,1
SCHLUMBERGER,SLB,1
ALSTOM,ALO FP,1
WESTINGHOUSE AIR BRAKE TECHNOLOGIES CORPORATION,WAB US,7
"SLACK TECHNOLOGIES, INC.",WORK,9
Seagate Technology,STX US,3
SOFTCAT PLC,SCT LN,7
"C.H. Robinson Worldwide, Inc.",CHRW,1
ABB Ltd,ABBN SW,3
VICI PROPERTIES INC.,VICI US,1
MEDIPHARM LABS CORP,LABS CN,2
SCIPLAY CORPORATION,SCPL US,1
NATURAL HEALTH TRENDS CORP.,NHTC,1
SUNTORY BEVERAGE and FOOD LTD,2587 JP,1
NTT DOCOMO,9437 JP,2
CHINA UNICOM -ADR,CHU UN,1
"NUANCE COMMUNICATIONS, INC.",NUAN,1
Colliers International Group Inc.,CIGI,1
BYD CO LTD-H,1211 HK,1
"SPIRIT AIRLINES, INC.",SAVE,4
THE SHERWIN-WILLIAMS COMPANY,SHW US,8
TEXAS PACIFIC LAND TRUST,TPL,1
NATIONAL HEALTHCARE CORPORATION,NHC,2
"MTBC, Inc.",MTBC US,1
"NEXPOINT RESIDENTIAL TRUST, INC.",NXRT,1
"SOLAREDGE TECHNOLOGIES, INC.",SEDG,131
XLMEDIA PLC,XLM LN,2
"ARISTA NETWORKS, INC.",ANET,10
3D SYSTEMS CORPORATION,DDD US,2
eBay Inc.,EBAY US,19
HERMES INTERNATIONAL,RMS FP,3
"DARDEN RESTAURANTS, INC.",DRI US,3
WELCIA HOLDINGS CO LTD,3141 JP,1
CHEMED CORPORATION,CHE,1
LUMINEX CORP,LMNX UW,1
EQUIFAX INC.,EFX,3
MYRIAD GENETICS INC,MYGN UW,1
HIRATA CORP,6258 JP,1
Spotify Technology SA,SPOT,12
NEWELL RUBBERMAID INC,NWL UN,1
GRENERGY RENOVABLES,GRE SM,1
GRAFTECH INTERNATIONAL LTD.,EAF,4
ROPER TECHNOLOGIES INC,ROP UN,1
Infosys Technologies Limited,INFY US,8
LULULEMON ATHLETICA INC.,LULU US,4
XYLEM INC.,XYL,5
HALMA PLC,HLMA LN,2
RED ELECTRICA CORPORACION SA,REE SM,1
"HEALTHCARE TRUST OF AMERICA, INC.",HTA,1
"GREENSKY, INC.",GSKY,2
SEMPRA ENERGY,SRE US,1
CHARTWELL RETIREMENT RESIDEN,CSH-U CN,1
"LivePerson, Inc.",LPSN,10
"ESSEX PROPERTY TRUST, INC.",ESS US,2
Citigroup Inc.,C,54
ZOZO INC,3092 JP,2
7ROAD HOLDINGS LTD,797 HK,1
PROGRESS SOFTWARE CORPORATION,PRGS,1
HANNOVER RUECK SE,HNR1 GY,2
"Delek US Holdings, Inc.",DK,10
SEMICONDUCTOR MANUFACTURING,981 HK,1
"FIVE9, INC.",FIVN US,7
HUNTINGTON BANCSHARES INCORPORATED,HBAN US,2
Bank of America Corporation,BAC,76
NAKED WINES PLC,WINE LN,2
RAZER INC,1337 HK,2
"Vroom, Inc.",VRM US,1
Daqo New Energy Corp.,DQ US,3
"ANALOG DEVICES, INC.",ADI US,9
UXIN LIMITED,UXIN US,2
INTESA SANPAOLO,ISP IM,1
Dada Nexus Limited,DADA,1
LINE CORP,3938 JP,1
QANTAS AIRWAYS LTD,QAN AU,1
ORSTED A/S,ORSTED DC,16
XINJIANG GOLDWIND SCIandTEC-H,2208 HK,1
SBERBANK-SPONSORED ADR,SBER LI,1
INFINEON TECH,IFX GY,2
MTU AERO ENGINES AG,MTX GY,4
ESCO TECHNOLOGIES INC.,ESE US,1
ASSURA PLC,AGR LN,1
"SUNSTONE HOTEL INVESTORS, INC.",SHO US,1
AEDIFICA,AED BB,1
"THERAPEUTICSMD, INC.",TXMD,2
CEWE STIFTUNG and CO KGAA,CWC GY,1
SYSTENA CORP,2317 JP,1
"ELOXX PHARMACEUTICALS, INC.",ELOX,3
ADAPTIVE BIOTECHNOLOGIES,ADPT UW,1
NORDEX SE,NDX1 GY,3
SANSHIN,8150 JP,1
BEIJER REF AB,BEIJB SS,1
MIND C.T.I. Ltd.,MNDO,5
BURFORD CAPITAL LTD,BUR LN,3
PERSOL HOLDINGS CO LTD,2181 JP,1
MEYER BURGER TECHNOLOGY AG,MBTN SW,1
"MOLINA HEALTHCARE, INC.",MOH US,2
RADA ELECTRONIC INDUSTRIES LTD,RADA,85
"APTARGROUP, INC.",ATR,1
"VERISK ANALYTICS, INC.",VRSK US,11
ATRIUM EUROPEAN REAL ESTA,ATRS AV,1
THE MOSAIC COMPANY,MOS US,9
NAMASTE TECHNOLOGIES INC,N CN,2
CHINA TELECOM CORP LTD-H,728 HK,1
"AVANTOR, INC.",AVTR US,1
GCL-POLY ENERGY HOLDINGS LTD,3800 HK,2
TOKYO TATEMONO CO LTD,8804 JP,1
TRANSALTA RENEWABLES INC,RNW CN,2
Wells Fargo and Company,WFC,38
"MARTIN MARIETTA MATERIALS, INC.",MLM,3
MAKEMYTRIP LIMITED,MMYT US,3
LEONARDO SPA,LDO IM,1
"DOUGLAS DYNAMICS, INC.",PLOW US,1
MAOYAN ENTERTAINMENT,1896 HK,2
Ceragon Networks Ltd.,CRNT US,5
SunPower Corporation,SPWR US,3
Elastic NV,ESTC US,3
MADISON SQUARE GARDEN ENTERTAINMENT CORP.,MSGE US,1
"AutoZone, Inc.",AZO US,10
SNAP INC.,SNAP US,7
TWILIO INC.,TWLO US,8
NORDIC SEMICONDUCTOR ASA,NOD NO,1
"SIMULATIONS PLUS, INC.",SLP,1
BANK OF CHINA LTD - H,3988 HK,2
"OSI Systems, Inc.",OSIS,2
PHARMACIELO LTD,PCLO CN,2
Sirius Satellite Radio Inc.,SIRI US,2
SIEMENS HEALTHINEERS AG,SHL GY,2
AON PLC,AON UN,1
"Best Buy Co., Inc.",BBY US,4
"W. W. GRAINGER, INC.",GWW US,2
CINCINNATI BELL INC.,CBB,1
"Entegris, Inc.",ENTG,1
TERNA SPA,TRN IM,1
AFLAC INC,AFL UN,1
JPMorgan Chase and Co.,JPM,75
SUZUKI,7269 JP,1
MEDTRONIC PLC,MDT UN,1
EnerSys,ENS US,1
PARSONS CORPORATION,PSN US,3
CYBERAGENT INC,4751 JP,1
ROCHE HOLDING AG-GENUSSCHEIN,ROG SW,7
HORMEL FOODS CORP,HRL UN,1
URANIUM PARTICIPATION,U CN,5
Nucor Corporation,NUE US,3
Sandamp;P Global Inc.,SPGI US,47
HandR BLOCK INC,HRB UN,1
PING AN INSURANCE GROUP CO-H,2318 HK,3
"Jabil Circuit, Inc.",JBL US,1
WESTERN DIGITAL CORPORATION,WDC,10
"KRATOS DEFENSE andamp; SECURITY SOLUTIONS, INC.",KTOS,3
CALAMP CORP.,CAMP US,1
RATIONAL AG,RAA GY,1
CNX RESOURCES CORPORATION,CNX,1
SSE PLC,SSE LN,1
RSA INSURANCE GROUP PLC,RSA LN,1
CARVANA CO.,CVNA US,3
NIO INC.,NIO US,7
"VMWARE, INC.",VMW US,15
TAKUMA CO LTD,6013 JP,1
ULTRA ELECTRONICS HLDGS PLC,ULE LN,2
VOLTALIA SA- REGR,VLTSA FP,1
HENDERSON LAND DEVELOPMENT,12 HK,2
MOWI ASA,MOWI NO,6
"CASELLA WASTE SYSTEMS, INC.",CWST US,1
NORTHWEST HEALTHCARE PROPERT,NWH-U CN,1
SEB SA,SK FP,4
"FIRST INDUSTRIAL REALTY TRUST, INC.",FR,2
"CLOVIS ONCOLOGY, INC.",CLVS,6
Freeport-McMoRan Copper and Gold Inc.,FCX US,2
MAGNA INTERNATIONAL,MG CN,1
ANA HOLDINGS INC,9202 JP,1
SENECA FOODS CORPORATION,SENEA,1
Magna International Inc.,MGA US,1
"L3HARRIS TECHNOLOGIES, INC.",LHX,9
"HANGER, INC.",HNGR US,1
LKQ CORPORATION,LKQ,2
SolarWinds Corp,SWI US,2
PULTE HOMES INC,PHM UN,1
KARDEX AG-REG,KARN SW,1
DOUYU INTERNATIONAL HOLDINGS LIMITED,DOYU US,4
EUROFINS SCIENTIFIC,ERF FP,4
TRANSDIGM GROUP INCORPORATED,TDG US,10
Telefonaktiebolaget LM Ericsson,ERIC,5
America Movil S.A.B de C.V.,AMX US,1
"PAPA JOHNand#39;S INTERNATIONAL, INC.",PZZA,1
"COLLECTORS UNIVERSE, INC.",CLCT,10
Sony Corporation,SNE,28
"OraSure Technologies, Inc.",OSUR,1
PHYSICIANS REALTY TRUST,DOC,1
"EVERQUOTE, INC.",EVER,1
MTU AERO ENGINES HOLDING AG,MTX GY,7
STILLFRONT GROUP AB,SF SS,1
MURATA MANUFACTURING CO LTD,6981 JP,1
TENCENT HOLDING,TCEHY,66
Newmont Mining Corporation,NEM US,5
SWEDISH MATCH AB,SWMA SS,2
CIA DE DISTRIBUCION INTEGRAL,LOG SM,1
SAP AG,SAP US,10
GOLDMAN SACHS GROUP INC,GS UN,3
Omnicom Group Inc.,OMC,4
COCA COLA CO/THE,KO UN,2
Johnson and Johnson,JNJ US,62
ILIAD SA,ILD FP,2
TWIST BIOSCIENCE CORP,TWST UW,1
Biogen Idec Inc.,BIIB US,17
MEDIWOUND LTD,MDWD,14
"CHEGG, INC.",CHGG,11
Southwest Airlines Co.,LUV US,16
IDREAMSKY TECHNOLOGY HOLDING,1119 HK,1
VOESTALPINE AG,VOE AV,1
Costco Wholesale Corporation,COST US,16
ATLASSIAN CORPORATION PLC,TEAM US,11
BioMarin Pharmaceutical,BMRN US,4
THE KRAFT HEINZ COMPANY,KHC US,18
"TREEHOUSE FOODS, INC.",THS,1
KONAMI HOLDINGS CORP,9766 JP,1
TELEPERFORMANCE,TEP FP,1
EVONIK INDUSTRIES,EVK GY,1
ONESPAN INC.,OSPN US,4
HUGO BOSS AG,BOSS GY,1
"KRYSTAL BIOTECH, INC.",KRYS,2
GEA GROUP AG,G1A GY,2
"XPEL, INC.",XPEL US,3
SSY GROUP LTD,2005 HK,1
"Hasbro, Inc.",HAS US,2
"AMERICAN WATER WORKS COMPANY, INC.",AWK,5
"IVERIC bio, Inc.",ISEE US,2
"NIC, INC.",EGOV,1
"MEDICAL PROPERTIES TRUST, INC.",MPW US,5
"Expedia, Inc.",EXPE US,14
sanofi-aventis,SNY US,1
"ZYNEX, INC.",ZYXI,2
"NEW RELIC, INC.",NEWR US,3
NIKOLA CORPORATION,NKLA,1
TOTVS,TOTS3 BZ,1
"DAVE andamp; BUSTERand#39;S ENTERTAINMENT, INC.",PLAY,3
GYM GROUP PLC/THE,GYM LN,2
Xcel Energy Inc.,XEL US,1
GUMI INC,3903 JP,1
NOVARTIS AG REG SHS,NOVN SW,1
VESTAS WIND SYSTEMS A/S,VWS DC,3
LEONARDO-FINMECCANICA SPA,LDO IM,1
Intel Corporation,INTC,66
"TILRAY, INC.",TLRY,5
51Job Inc.,JOBS US,3
SG HOLDINGS CO LTD,9143 JP,1
MIXI INC,2121 JP,1
"SYNOPSYS, INC.",SNPS US,6
RADCOM LTD,RDCM,38
Verint Systems Inc.,VRNT US,11
"OMEGA HEALTHCARE INVESTORS, INC.",OHI,1
UBI SOFT ENTERTAINMENT,UBI FP,2
AVAST PLC,AVST LN,3
EDENRED,EDEN FP,2
"LITTELFUSE, INC.",LFUS US,2
"TEXAS ROADHOUSE, INC.",TXRH US,1
"IMMUNIC, INC.",IMUX,1
CANOPY RIVERS INC,RIV CN,3
OFFICE PROPERTIES INCOME TRUST,OPI,1
FAR POINT ACQUISITION CORP-A,FPAC,1
AIR LIQUIDE SA,AI FP,3
BRITISH LAND CO PLC,BLND LN,1
"Exelixis, Inc.",EXEL,2
TEAMVIEWER AG,TMV GY,5
CARL ZEISS MEDITEC AG - BR,AFX GY,3
"HOSTESS BRANDS, INC.",TWNK,1
VULCAN MATERIALS COMPANY,VMC,2
NOVO NORDISK,NOVOB DC,5
ELLOMAY CAPITAL LTD,ELLO US,14
"LAZYDAYS HOLDINGS, INC.",LAZY,1
"AEROVIRONMENT, INC.",AVAV US,4
ROBERT HALF INTERNATIONAL INC.,RHI,4
GENERAL DYNAMICS CORP,GD UN,4
AVISTA CORP,AVA UN,1
HORIZON GLOBAL CORPORATION,HZN,1
VESTAS WIND SYSTEM A/S,VWS DC,1
TRIMBLE INC.,TRMB US,2
Automatic Data Processing,ADP US,12
Nextera Energy Partners LP,NEP,3
COMPASS GROUP,CPG LN,1
DEUTSCHE POST AG-REG,DPW GY,8
ATLANTICA SUSTAINABLE INFRASTRUCTURE PLC,AY US,3
TACTILE SYSTEMS TECHNOLOGY I,TCMD UQ,1
TAL Education Group,TAL US,2
UCB SA,UCB BB,1
JOHN BEAN TECHNOLOGIES CORPORATION,JBT,1
Talend SA,TLND US,2
ANGLO AMERICAN,AAL LN,1
POLYMETAL INTERNATIONAL PLC,POLY LN,1
"FORTINET, INC.",FTNT US,20
MOOG INC-CLASS A,MOG/A,2
RESOLUTE FOREST PRODUCTS INC.,RFP,1
ALTEN SA,ATE FP,1
AKESO INC,9926 HK,1
"HEALTHPEAK PROPERTIES, INC.",PEAK US,4
"STITCH FIX, INC.",SFIX,6
HEWLETT PACKARD ENTERPRISE COMPANY,HPE,5
STAAR SURGICAL COMPANY,STAA,1
NINE DRAGONS PAPER HOLDINGS,2689 HK,1
VIPSHOP HOLDINGS LIMITED,VIPS US,9
ERSTE BANK DER OESTER SPA,EBS AV,1
GAMIDA CELL LTD,GMDA,5
TENCENT MUSIC ENTERTAINMENT GROUP,TME US,7
TRAVELSKY TECHNOLOGY LTD-H,696 HK,3
F-SECURE OYJ,FSC1V FH,1
CROSS-HARBOUR HOLDINGS LTD,32 HK,1
Check Point Software Technologies Ltd.,CHKP US,48
BABCOCK INTL GROUP PLC,BAB LN,1
ASTRONICS CORPORATION,ATRO US,1
ATRIUM EUROPEAN REAL ESTAT,ATRS AV,3
SAP,SAP GR,1
VENUS MEDTECH HANGZHOU INC-H,2500 HK,2
DELIVERY HERO SE,DHER GY,3
BRITVIC PLC,BVIC LN,2
LANDIS+GYR GROUP AG,LAND SW,1
Banco Santander-Chile,SAN,1
FORTUNA SILVER MINES INC,FSM US,2
INTEGRAFIN HOLDINGS PLC,IHP LN,2
"CLOUDERA, INC.",CLDR,11
BROOKFIELD RENEWABLE CORPORATION,BEPC US,13
PETROCHINA CO LTD-H,857 HK,2
CARETECH HOLDINGS PLC,CTH LN,1
DATANG INTL POWER GEN CO-H,991 HK,1
COTY INC.,COTY,2
SONY CORP,6758 JP,1
XIAOMI CORP-CLASS B,1810 HK,20
"J2 GLOBAL, INC.",JCOM,1
Maxim Integrated Products Inc.,MXIM,2
WM MORRISON SUPERMARKETS,MRW LN,1
ATMOS ENERGY CORPORATION,ATO US,1
WORLDLINE SA,WLN FP,4
GMO PAYMENT GATEWAY INC,3769 JP,2
"2U, INC.",TWOU US,8
Perspecta Inc.,PRSP,1
MERIT MEDICAL SYSTEMS INC,MMSI UW,1
Textron Inc.,TXT,4
GrubHub Inc.,GRUB US,7
EPR PROPERTIES,EPR US,1
AUSNET SERVICES,AST AU,1
NUVASIVE INC,NUVA UW,1
China Life Insurance Company Ltd.,LFC US,4
"CHEWY, INC.",CHWY US,5
ALCAN,AL US,4
CONSTELLATION SOFTWARE INC,CSU CN,10
Magic Software Enterprises Ltd.,MGIC US,12
TEXTAINER GROUP HOLDINGS LIMITED,TGH US,1
Exxon Mobil Corporation,XOM US,13
UNITED INTERNET AG-REG SHARE,UTDI GY,1
QUIDEL CORPORATION,QDEL,8
"Cardinal Health, Inc.",CAH US,4
"Agora, Inc.",API US,1
SOCIETE BIC SA,BB FP,2
TRADEWEB MARKETS INC.,TW US,4
"Juniper Networks, Inc.",JNPR,11
AKEBIA THERAPEUTICS INC,AKBA UQ,1
Oracle Corporation,ORCL US,20
"Cisco Systems, Inc.",CSCO US,65
"IDACORP, INC.",IDA US,1
HOMELAND INTERACTIVE TECHNOL,3798 HK,1
AMADEUS IT GROUP SA,AMS SM,4
BARRICK GOLD CORPORATION,GOLD,1
CRANEWARE PLC,CRW LN,1
"Dollar Tree Stores, Inc.",DLTR US,5
AGILENT TECHNOLOGIES INC,A UN,1
MONSTER BEVERAGE CORPORATION,MNST US,20
FIVERR INTERNATIONAL LTD,FVRR,50
EPLUS INC.,PLUS,1
"ICF INTERNATIONAL, INC.",ICFI US,2
FAIRFAX FINANCIAL HOLDINGS LIMITED,FRFHF,1
PROSUS,PRX NA,1
FIRSTENERGY CORP.,FE US,2
"IntercontinentalExchange, Inc.",ICE US,6
KURITA WATER INDUSTRIES LTD,6370 JP,1
"Dominion Resources, Inc.",D US,5
CARDIOVASCULAR SYSTEMS INC,CSII UW,1
SPAR GROUP,SPP SJ,1
Makita Corporation,MKTAY US,1
"Johnson Controls, Inc.",JCI US,2
METHANEX CORPORATION,MEOH,1
SPECTRIS PLC,SXS LN,1
"WORKDAY, INC.",WDAY US,10
"VIKING THERAPEUTICS, INC.",VKTX,2
RECKITT BENCKISER PLC,RB/ LN,3
"Republic Services, Inc.",RSG US,3
PAN PACIFIC INTERNATIONAL HO,7532 JP,1
BUNZL PLC,BNZL LN,1
"SIERRA WIRELESS, INC.",SWIR,1
AMPLIFON SPA,AMP IM,2
"NATIONAL VISION HOLDINGS, INC.",EYE,1
KAKAKU.COM INC,2371 JP,1
PLUS500 LTD,PLUS LN,18
"Xilinx, Inc.",XLNX,3
UNISYS CORP,UIS UN,1
JX הולדינגס,5020 JP,2
DOW CHEMICAL,DOW US,4
MCPHY ENERGY SA,MCPHY FP,1
New Oriental Education and Tech. Group Inc,EDU US,25
A2A SPA,A2A IM,1
PIONEER NATURAL RESOURCES COMPANY,PXD US,1
KNOW IT AB,KNOW SS,1
"RYMAN HOSPITALITY PROPERTIES, INC.",RHP US,1
ENEL SPA,ENEL IM,23
"CEVA, Inc.",CEVA US,35
WOLTERS KLUWER,WKL NA,2
AMERISOURCEBERGEN CORP,ABC UN,1
"MAXEON SOLAR TECHNOLOGIES, LTD.",MAXN US,3
"BLACK KNIGHT, INC.",BKI US,8
"KAR AUCTION SERVICES, INC.",KAR US,1
BEFESA SA,BFSA GR,1
ITM POWER PLC,ITM LN,1
BRAINSWAY LTD,BWAY,5
PDL BioPharma Inc.,PDLI,1
MERIDIAN BIOSCIENCE INC,VIVO UW,1
ORGANIGRAM HOLDINGS INC,OGI CN,4
TSUTSUMI,7937 JP,1
FEDERAL HOME LOAN MORTGAGE CORP,FMCKJ,2
AURORA CANNABIS INC,ACB CN,3
"JACK HENRY andamp; ASSOCIATES, INC.",JKHY US,7
Braskem SA,BAK,1
SOFTWERE AG,SOW GR,2
CTS CORPORATION,CTS US,1
FALCK RENEWABLES SPA,FKR IM,3
"Tandem Diabetes Care, Inc.",TNDM US,5
KONE OYJ-B,KNEBV FH,1
CABOT OIL andamp; GAS CORPORATION,COG US,3
LONDON STOCK EXCHANGE GROUP,LSE LN,1
CHEMICAL AND MINING COMPANY OF CHILE INC.,SQM,1
ANTA SPORTS,2020 HK,3
BOYD GROUP SERVICES INC,BYD CN,1
ALTRIA GROUP INC,MO UN,2
"PINTEREST, INC.",PINS,8
GREE INC,3632 JP,1
"MERCADOLIBRE, INC.",MELI US,16
PENNON GROUP PLC,PNN LN,3
Lam Research Corporation,LRCX US,12
American Express Company,AXP US,14
FAGRON,FAGR BB,1
DEUTSCHE TELEKOM,DTE GR,1
YAHOO JAPAN CORP,4689 JP,1
BANK OF COMMUNICATIONS CO-H,3328 HK,2
"LIVERAMP HOLDINGS, INC.",RAMP,1
HEIDELBERGCEMENT,HEI GR,1
ICICI Bank Limited,IBN US,3
The Hershey Company,HSY,1
COMBA TELECOM SYSTEMS HOLDIN,2342 HK,1
NORTHLAND POWER INC,NPI CN,6
Bill.com Holdings Inc,BILL US,4
BRAINSTORM CELL THERAPEUTICS INC.,BCLI US,2
ITALMOBILIARE,ITM IM,2
VASCULAR BIOGENICS LTD,VBLT,4
"POWERFLEET, INC.",PWFL US,13
"HILLENBRAND, INC.",HI US,1
B2GOLD CORP.,BTG US,2
DERMAPHARM HOLDING SE,DMP GR,4
FLIR SYSTEMS INC,FLIR UQ,2
SESA SPA,SES IM,1
SVB FINANCIAL GROUP,SIVB US,3
INDUTRADE AB,INDT SS,1
CHINA MERCHANTS BANK CO.,3968 HK,2
Cimpress plc,CMPR,1
BLACKMORES LTD,BKL AU,1
"Sprouts Farmers Market, Inc.",SFM US,2
Tempur-Pedic International Inc.,TPX US,2
EROS INTERNATIONAL PLC,EROS,1
The Progressive Corporation,PGR US,5
CONTINENTAL AG,CON GY,2
INMODE LTD,INMD US,10
NEXTDC LTD,NXT AU,2
SAREPTA THERAPEUTICS INC,SRPT UW,1
ASML HOLDING NV,ASML NA,5
"DROPBOX, INC.",DBX US,10
TSURUHA HOLDINGS INC,3391 JP,1
BATM ADVANCED COMMUNICATIONS,BVC LN,2
Apple Inc.,AAPL,92
GAZPROM OAO - SPON ADR- REG S,OGZD LI,2
Deere and Company,DE US,3
Radware Ltd.,RDWR US,45
PHOTO-ME INTERNATIONAL PLC,PHTM LN,6
Atento SA,ATTO,4
"JinkoSolar Holding Co., Ltd.",JKS US,2
Emerson Electric Co.,EMR US,4
Jumia Technologies AG,JMIA,2
STONECO LTD.,STNE US,8
APHRIA INC.,APHA,4
China Mobile Ltd.,CHL US,15
KINROSS GOLD CORPORATION,KGC,2
"GROUPON, INC.",GRPN US,3
DOMTAR CORPORATION,UFS,1
"TWITTER, INC.",TWTR,25
YY INC.,YY,14
HARVEST HEALTH and RECREATION,HARV CN,3
DENTSPLY International Inc.,XRAY US,3
"AMETEK, INC.",AME US,5
HOLLYFRONTIER CORPORATION,HFC,2
"CommVault Systems, Inc.",CVLT US,4
BIOMARIN PHARMACEUTICAL INC,BMRN UN,1
"STAG INDUSTRIAL, INC.",STAG,2
WOOLWORTHS GROUP LTD,WOW AU,1
"AXON ENTERPRISE, INC.",AAXN US,5
QINETIQ GROUP PLC,QQ/ LN,2
"CAMPING WORLD HOLDINGS, INC.",CWH,1
SMCP SA,SMCP FP,1
nCino Inc,NCNO,2
CHINA RESOURCES ENTERPRISES,291 HK,1
W. R. BERKLEY CORPORATION,WRB,1
Quest Diagnostics Incorporated,DGX,5
58.COM INC-ADR,WUBA US,3
AGRICULTURAL BANK OF CHINA-H,1288 HK,2
"APOLLO GLOBAL MANAGEMENT, LLC",APO,5
CMGE TECHNOLOGY GROUP LTD,302 HK,1
"FLUX POWER HOLDINGS, INC.",FLUX US,1
"ATRICURE, INC.",ATRC,2
ADO PROPERTIES SA,ADJ GY,2
INFOCOM,4348 JP,1
Alibaba Group Holding Limited,BABA,119
"CANNAE HOLDINGS, INC.",CNNE US,1
SMA SOLAR TECHNOLOGY AG,S92 GY,4
"NATIONAL HEALTH INVESTORS, INC.",NHI,1
"Network Appliance, Inc.",NTAP,6
CONCHO RESOURCES INC.,CXO,2
"BURLINGTON STORES, INC.",BURL US,2
"ZUORA, INC.",ZUO,2
PING AN HEALTHCARE AND TECHN,1833 HK,4
GETINGE AB-B SHS,GETIB SS,1
STAMPS.COM INC.,STMP,1
CRYOLIFE INC,CRY UN,1
"POWER INTEGRATIONS, INC.",POWI US,1
NIBE INDUSTRIER AB,NIBEB SS,1
888 HOLDINGS,888 LN,24
PSA PEUGOT CITROEN,UG FP,1
"BEYOND MEAT, INC.",BYND,14
COUPA SOFTWARE INCORPORATED,COUP US,5
DONGFENG MOTOR GRP.,489 HK,1
"ACM RESEARCH, INC.",ACMR US,1
"Charter Communications, Inc.",CHTR US,4
CAESARSTONE LTD,CSTE,23
INSMED INCORPORATED,INSM,1
NESTLE,NESN SW,2
"I3 VERTICALS, INC.",IIIV,1
Campbell Soup Company,CPB US,4
MANTECH INTERNATIONAL CORP,MANT UQ,2
KONINKLIJKE PHILIPS NV,PHIA NA,2
"Ross Stores, Inc.",ROST US,5
"DOLBY LABORATORIES, INC.",DLB US,1
"GARTNER, INC.",IT US,3
SUNDIAL GROWERS INC.,SNDL,2
"WALGREENS BOOTS ALLIANCE, INC.",WBA,5
"AMEDISYS, INC.",AMED,1
CONMED CORP,CNMD UN,1
GLOBAL PAYMENTS INC.,GPN US,37
HITACHI LTD,6501 JP,1
"AVALONBAY COMMUNITIES, INC.",AVB,2
Parker-Hannifin Corporation,PH US,4
VIRNETX HOLDING CORPORATION,VHC US,2
Trip.com Group Limited,TCOM US,11
FLOW TRADERS,FLOW NA,1
"ROKU, INC.",ROKU US,7
Amcor plc,AMCR,4
BRISTOL-MYERS SQUIBB CO,BMY UN,1
SHOP APOTHEKE EUROPE NV,SAE GR,3
SCHNEIDER ELECTRIC SE,SU FP,3
GLOBUS MEDICAL INC - A,GMED UN,1
"QTS REALTY TRUST, INC.",QTS US,1
"iQIYI, Inc.",IQ US,7
EXELON CORP,EXC UN,2
Myovant Sciences Ltd.,MYOV US,1
"LTC PROPERTIES, INC.",LTC,2
LOWE S COS INC,LOW UN,3
ISRA VISION AG,ISR GY,1
CANADIAN PACIFIC RAILWAY LIMITED,CP US,3
AROUNDTOWN SA,AT1 GY,61
ANCHIANO THERAPEUTICS LTD,ANCN,3
"LANDCADIA HOLDINGS II, INC.",LCA,2
"PAYCOM SOFTWARE, INC.",PAYC US,8
"Brighthouse Financial, Inc.",BHF,7
SYNAPTICS INCORPORATED,SYNA,1
Brookfield Asset Management Inc.,BAM US,2
MARUI GROUP CO LTD,8252 JP,1
CORCEPT THERAPEUTICS INCORPORATED,CORT,1
ALNYLAM PHARMACEUTICALS INC,ALNY UW,1
VODAFONE GROUP PLC NEW,VOD US,2
"AMERESCO, INC.",AMRC US,2
BOOKING HOLDINGS INC.,BKNG,46
SHOPIFY INC.,SHOP,18
"SAUL CENTERS, INC.",BFS,1
"CIRRUS LOGIC, INC.",CRUS,2
HELLOFRESH SE,HFG GY,5
STRAUMANN HOLDING AG-REG,STMN SW,3
Bristol Myers Squibb Co.,BMY US,17
MANCHESTER UNITED PLC,MANU US,19
"Amgen, Inc.",AMGN US,14
MGM MIRAGE,MGM,2
ARGENX SE,ARGX BB,1
DOMINOS PIZZA GROUP PLC,DOM LN,2
CAPITAL STAGE AG,CAP GY,10
Q TECHNOLOGY GROUP CO LTD,1478 HK,1
"PARAMOUNT GROUP, INC.",PGRE,1
"FACEBOOK, INC.",FB,167
UNION PACIFIC CORPORATION,UNP US,5
"ULTA BEAUTY, INC.",ULTA US,9
ANHUI CONCH,914 HK,1
"HEALTH CATALYST, INC.",HCAT,1
AUTO TRADER GROUP PLC,AUTO LN,1
NEUROCRINE BIOSCIENCES INC,NBIX UW,1
CREDIT ACCEPTANCE CORPORATION,CACC,1
BREMBO SPA,BRE IM,1
NORTHROP GRUMMAN CORP,NOC UN,2
BRADY CORPORATION,BRC US,1
Caterpillar Inc.,CAT US,9
"CBRE GROUP, INC.",CBRE US,1
"TENABLE HOLDINGS, INC.",TENB,5
HOKURIKU ELECTRIC POWER CO,9505 JP,1
"Take-Two Interactive Software, Inc.",TTWO US,14
KEYENCE CORP,6861 JP,1
Cummins Inc.,CMI US,4
Hewlett-Packard Company,HPQ US,9
LOOMIS AB,LOOMIS SS,1
MTI WIRELESS EDGE LTD,MWE LN,2
Alliance Data Systems,ADS,2
AFLAC Incorporated,AFL,1
"ENPHASE ENERGY, INC.",ENPH US,9
Canadian Solar Inc.,CSIQ US,3
CIA BRASILEIRA,CIEL3 BZ,1
Cerner Corporation,CERN,7
TRUSCO NAKAYAMA CORP,9830 JP,1
"NETGEAR, INC.",NTGR,1
WESTROCK COMPANY,WRK,1
YIRENDAI LTD.,YRD,1
SYMRISE AG,SY1 GY,2
UBI SOFT ENTERTAINMEN T,UBI FP,1
Verizon Communications Inc.,VZ US,14
THERMO FISHER SCIENTIFIC,TMO UN,1
BROADCOM INC PRFD,AVGOP US,1
XPERI HOLDING CORPORATION,XPER,2
LOREAL,OR FP,2
"PENUMBRA, INC.",PEN,1
"NRG ENERGY, INC.",NRG US,1
KOHLand#39;S CORPORATION,KSS US,5
BRIDGESTONE CORP,5108 JP,1
STEALTHGAS INC.,GASS,1
"VOYAGER THERAPEUTICS, INC.",VYGR,3
AKATSUKI INC,3932 JP,1
EXOR NV,EXO IM,1
ENERGEAN OIL and GAS PLC,ENOG LN,19
METRO BANK PLC,MTRO LN,2
"Medtronic, Inc.",MDT US,17
FIVE STAR SENIOR LIVING INC.,FVE,1
CRESCO LABS INC-SUBORDINATE,CL CN,4
"Air Products and Chemicals, Inc.",APD US,7
RIB SOFTWARE SE,RIB GY,1
"NVR, Inc.",NVR US,10
Sunnova Energy International Inc.,NOVA US,4
Comcast Corporation,CMCSA US,14
EAST JAPAN,9020 JP,1
NETWORK INTERNATIONAL HOLDIN,NETW LN,2
THE J. M. SMUCKER COMPANY,SJM,4
ASAHI INTECC CO LTD,7747 JP,1
ANHUI CONCH CEMENT CO LTD-H,914 HK,1
G4S PLC,GFS LN,1
GlaxoSmithKline plc,GSK,2
OPTIMIZERX CORPORATION,OPRX US,8
SUGI HOLDINGS CO LTD,7649 JP,1
Samsonite International SA,SMSEY US,1
"Cambridge Display Technology, Inc.",OLED US,7
LARSEN and TOUBRO-GDR REG S,LTOD LI,1
"ALASKA COMMUNICATIONS SYSTEMS GROUP, INC.",ALSK,1
Flextronics International Ltd.,FLEX,2
INTUITIVE SURGICAL INC,ISRG UW,1
FEDERAL NATIONAL MORTGAGE ASSOCIATION,FNMFN,1
TEMENOS GROUP AG-REG,TEMN SW,1
HOWDEN JOINERY GROUP PLC,HWDN LN,6
"UNITED CONTINENTAL HOLDINGS, INC.",UAL,6
The Charles Schwab Corporation,SCHW US,6
GameStop Corp.,GME,1
Camtek LTD.,CAMT US,24
PetroChina Company Limited,PTR US,3
ANSELL LTD,ANN AU,1
REALTY INCOME CORPORATION,O US,3
HOYA CORP,7741 JP,1
BINGO INDUSTRIES LTD,BIN AU,1
GW PHARMACEUTICALS -ADR,GWPH UQ,1
AXOVANT GENE THERAPIES LTD.,AXGT,2
THE MACERICH COMPANY,MAC,3
COMPUGROUP MEDICAL SE,COP GY,5
SPLITIT PAYMENTS LTD,SPT AU,1
SENSATA TECHNOLOGIES HOLDING PLC,ST US,2
DELIVERY HERO AG,DHER GY,2
SECUREWORKS CORP.,SCWX US,2
PHILIPS ELECTRONICS,PHIA NA,2
TAYLOR WIMPEY PLC,TW/ LN,1
SAMSONITE INTERNATIONAL SA,1910 HK,5
DIRECT LINE INSURANCE GROUP,DLG LN,1
ZUR ROSE GROUP AG,ROSE SW,1
CERIDIAN HCM HOLDING INC.,CDAY US,1
BRITISH AMERICAN TOBACCO PLC,BATS LN,2
SHANDONG WEIGAO GP MEDICAL -H,1066 HK,1
JAZZ PHARMACEUTICALS PLC,JAZZ UW,1
SIG COMBIBLOC GROUP AG,SIGN SW,1
JERONIMO MARTINS,JMT PL,1
LINNCO LLC ESCROW,LYNN ESC,1
BYD ELECTRONIC INTL CO LTD,285 HK,1
DIGITAL ARTS INC,2326 JP,1
WAREHOUSES DE PAUW SCA,WDP BB,1
Nice Systems Ltd.,NICE US,20
INTEC PHARMA LTD,NTEC,9
Cintas Corporation,CTAS US,7
GALMED PHARMACEUTICALS LTD,GLMD US,9
ZIMMER BIOMET HOLDINGS INC,ZBH UN,1
"ZILLOW GROUP, INC.",Z US,7
GENERAL MOTORS,GM US,4
Vale SA,VALE US,3
CARS.COM INC.,CARS US,1
Plug Power Inc.,PLUG US,2
Banco Bradesco S.A.,BBD US,1
"GLOBAL NET LEASE, INC.",GNL,2
"Advanced Micro Devices, Inc.",AMD,24
QUIDEL CORP,QDEL UW,1
FRAPORT AG FRANKFURT AIRPORT,FRA GY,2
Azul SA,AZUL US,1
PEGASYSTEMS INC.,PEGA,3
Northrop Grumman Corporation,NOC US,7
NEOEN SA,NEOEN FP,36
"MEDALLIA, INC.",MDLA US,3
PENNANTPARK FLOATING RATE CAPITAL LTD.,PFLT US,3
BAPCOR LTD,BAP AU,2
PRUDENTIAL PLC ORD 5P,PRU LN,1
"BROOKS AUTOMATION, INC.",BRKS US,3
JTEKT CORP,6473 JP,1
SOLUTIONS 30 SE,S30 FP,1
MCDONALD S CORPORATION,MCD UN,1
HDFC Bank Limited,HDB US,3
AVICHINA INDUSTRY and TECH-H,2357 HK,1
WINGSTOP INC.,WING,1
"FLIR Systems, Inc.",FLIR,2
INDUSTRIAL AND COMMERCIAL BANK OF CHINA,1398 HK,1
BAYER AG-REG,BAYN GY,26
DOMINO S PIZZA ENTERPRISES L,DMP AU,1
Popular Inc,BPOP US,4
Broadcom Inc.,AVGO US,10
Sify Limited,SIFY US,1
CARRIER GLOBAL CORPORATION,CARR US,7
10X GENOMICS INC-CLASS A,TXG UW,1
"22ND CENTURY GROUP, INC.",XXII,2
ROYAL DUTCH SHELL-SPON ADR-B,RDS/B,5
ALSTRIA OFFICE REIT-AG,AOX GY,2
TILT HOLDINGS INC,TILT CN,2
"ALARM.COM HOLDINGS, INC.",ALRM US,6
ATRIUM EUROPEAN REAL ESTATE,ATRS AV,25
"G-III APPAREL GROUP, LTD.",GIII,1
NEMETSCHEK SE,NEM GY,3
FEDERAL REALTY INVESTMENT TRUST,FRT,3
VEOLIA ENVIRONNEMENT,VIE FP,1
AGENUS INC.,AGEN,2
The Western Union Co.,WU US,2
"BOX, INC.",BOX US,8
PAYTON PLANAR MAGNETICS,PAY BB,3
"Becton, Dickinson and Co.",BDX US,6
NETDRAGON WEBSOFT HOLDINGS L,777 HK,3
GUANGZHOU BAIYUNSHAN PHARM-H,874 HK,1
HEALTHCARE REALTY TRUST INCORPORATED,HR,1
PINDUODUO INC.,PDD,5
HUA HONG SEMICONDUCTOR LTD,1347 HK,1
"LEMONADE, INC.",LMND,1
FABRINET,FN US,1
"Constellation Brands, Inc.",STZ,8
"GUIDEWIRE SOFTWARE, INC.",GWRE US,6
RAKUTEN INC,4755 JP,1
PERFORMANCE FOOD GROUP COMPANY,PFGC,3
ACREAGE HOLDINGS INC-SUB,ACRG/U CF,4
"STANLEY BLACK andamp; DECKER, INC.",SWK US,2
CHINA MEDICAL SYSTEM HOLDING,867 HK,1
CDW CORPORATION,CDW US,5
"VeriSign, Inc.",VRSN,22
CLEANAWAY WASTE MANAGEMENT L,CWY AU,1
HENGAN INTL GROUP CO LTD,1044 HK,1
"TANGER FACTORY OUTLET CENTERS, INC.",SKT US,7
FAIRFAX FINANCIAL HLDGS LTD,FFH CN,5
MEDMEN ENTERPRISES INC-CL B,MMEN CN,2
"Kinder Morgan, Inc.",KMI,3
AGNICO EAGLE MINES LIMITED,AEM US,3
"TRIPADVISOR, INC.",TRIP US,5
ZIX CORPORATION,ZIXI US,1
FARFETCH LIMITED,FTCH US,4
"MADRIGAL PHARMACEUTICALS, INC.",MDGL,5
BIOMERIEUX,BIM FP,7
SVMK INC.,SVMK US,4
JAPAN AVIATION ELECTRONICS,6807 JP,1
DIVERSIFIED HEALTHCARE TRUST,DHC,1
NESTLE SA-REG,NESN SW,7
"UBER TECHNOLOGIES, INC.",UBER,2
VONOVIA SE,VNA GY,3
LUMINEX CORPORATION,LMNX,2
Li Auto Inc.,LI US,2
"Foot Locker, Inc.",FL,3
CIENA CORPORATION,CIEN US,20
SOL-GEL TECHNOLOGIES LTD,SLGL US,21
INDUSTRIAL LOGISTICS PROPERTIES TRUST,ILPT,3
XPENG INC.,XPEV,1
Restaurant Brands International Inc.,QSR US,3
ORGENESIS INC.,ORGS,1
TERRAVEST INDUSTRIES INC,TVK CN,1
TRITAX BIG BOX REIT PLC,BBOX LN,1
דאסולט תעופה,AM FP,1
GOODMAN GROUP,GMG AU,1
BOOHOO.COM PLC,BOO LN,1
GEELY AUTOMOBILE,175 HK,1
ERICSSON LM-B SHS,ERICB SS,1
ADYEN NV,ADYEN NA,13
"Interpublic Group of Companies, Inc.",IPG US,2
Delphi Technologies PLC,DLPH US,1
TREND MICRO INC,4704 JP,1
UnitedHealth Group Inc.,UNH US,31
"VEREIT, INC.",VER,1
SENIOR PLC,SNR LN,1
COVESTRO AG,1COV GY,1
KERING,KER FP,2
CHINA MOBILE (HONG KONG),941 HK,1
AURUBIS AG,NDA GY,1
MARVELOUS INC,7844 JP,1
YANGTZE OPTICAL FIBRE AND-H,6869 HK,1
INPEX CORP,1605 JP,2
AMS AG,AMS SW,1
GODADDY INC.,GDDY,5
"MEDIFAST, INC.",MED,5
CAP GEMINI SA,CAP FP,1
"cbdMD, Inc.",YCBD,4
ILLUMINA INC,ILMN UN,1
"M.D.C. HOLDINGS, INC.",MDC US,1
INSEEGO CORP.,INSG,1
IPG PHOTONICS CORPORATION,IPGP,1
"PACIRA PHARMACEUTICALS, INC.",PCRX,1
CURALEAF HOLDINGS INC,CURA CN,5
NAC KAZATOMPROM JSC-GDR,KAP LI,10
YUM! BRANDS INC,YUM UN,1
Vertex Pharmaceuticals Incorporated,VRTX US,8
ALKERMES PLC,ALKS UW,1
WESTAIM CORP/THE,WED CN,1
ADIDAS AG,ADS GY,5
"MKS INSTRUMENTS, INC.",MKSI,2
PENUMBRA INC,PEN UN,1
SIXT SE,SIX2 GY,1
"Leggett and Platt, Inc.",LEG US,1
"WYNDHAM DESTINATIONS, INC.",WYND US,1
TOTAL S.A.,TOT,2
PNC Financial Services,PNC US,5
AVANOS MEDICAL INC,AVNS UN,1
"SAREPTA THERAPEUTICS, INC.",SRPT US,5
"COPART, INC.",CPRT US,14
TERUMO CORP,4543 JP,1
XENON PHARMACEUTICALS INC.,XENE,3
Fastenal Company,FAST,2
EVN AG,EVN AV,1
"Avangrid, Inc.",AGR US,1
NewMarket Corporation,NEU,2
GETTY REALTY CORP.,GTY,1
"PAGERDUTY, INC.",PD,1
"ZOOM VIDEO COMMUNICATIONS, INC.",ZM,15
China Petroleum and Chemical Corp.,SNP US,2
"MetLife, Inc.",MET,1
ASSOCIATED BRITISH FOODS PLC,ABF LN,1
AstraZeneca plc,AZN,13
HEICO CORPORATION,HEI,4
LAND SECURITIES GROUP PLC,LAND LN,1
TATA STEEL LTD-GDR REG S,TTST LI,1
Curtiss-Wright Corp.,CW US,2
SAGE THERAPEUTICS INC,SAGE UQ,1
VIDRALA SA,VID SM,1
THE HOWARD HUGHES CORPORATION,HHC US,1
STMICROELECTRONICS NV,STM FP,6
"FULGENT GENETICS, INC.",FLGT US,8
NATIONAL STORAGE AFFILIATES TRUST,NSA,1
RHEINMETALL AG,RHM GY,1
Entergy Corporation,ETR US,2
ATEAM INC,3662 JP,1
HAITONG SECURITIES CO LTD-H,6837 HK,1
SMITH and NEPHEW PLC,SN/ LN,2
INSULET CORPORATION,PODD US,7
NEPTUNE WELLNESS SOLUTIONS I,NEPT CN,2
LONZA GROUP AG-REG,LONN SW,2
CHINA CONSTRUCTION BANK,939 HK,3
VILLAGE FARMS INTERNATIONAL,VFF CN,3
CINCINNATI FINANCIAL CORPORATION,CINF US,1
RECODATI SPA,REC IM,2
"FLOWERS FOODS, INC.",FLO,2
CHINA PETROLEUM and CHEMICAL,386 HK,1
"NETSCOUT SYSTEMS, INC.",NTCT,4
MONCLER SPA,MONC IM,2
"DOMINOand#39;S PIZZA, INC.",DPZ US,6
SUMMIT INDUSTRIAL INCOME REI,SMU-U CN,1
ALTRIA GROUP,MO US,8
PTC THERAPEUTICS INC,PTCT UW,1
Kellogg Company,K,7
"HAWAIIAN HOLDINGS, INC.",HA,1
CRODA INTERNATIONAL PLC,CRDA LN,1
CGI INC.,GIB,1
"PALO ALTO NETWORKS, INC.",PANW US,55
W.P. CAREY INC.,WPC,1
ENVISTA HOLDINGS CORPORATION,NVST US,2
"INTUITIVE SURGICAL, INC.",ISRG,14
EDP RENOVAVEIS SA,EDPR PL,11
AudioCodes Ltd.,AUDC US,40
"CORNERSTONE ONDEMAND, INC.",CSOD,3
RELX PLC,RELX US,5
"CHENIERE ENERGY, INC.",LNG US,2
Imperial Holdings,IPL SJ,1
"10X GENOMICS, INC.",TXG US,1
SHANGHAI JUNSHI BIOSCIENCE-H,1877 HK,1
LINE Corporation,LN US,1
MIZUNO CORP,8022 JP,1
Lumentum Holdings Inc.,LITE,2
Trend Micro Incorporated,TMICY US,1
MasterCard Incorporated,MA,90
Novartis AG,NVS,9
AXONICS MODULATION TECHNOLOG,AXNX UW,1
SILK ROAD MEDICAL INC,SILK UW,1
HYATT HOTELS CORPORATION,H,2
Comtech Telecomm. Corp.,CMTL,2
ZOETIS INC.,ZTS US,31
"SAILPOINT TECHNOLOGIES HOLDINGS, INC.",SAIL US,6
IDEX Corporation,IEX US,1
Markel Corporation,MKL,1
E.ON SE,EOAN GY,1
"CAESARS ENTERTAINMENT, INC.",CZR US,1
LEARNING TECHNOLOGIES GROUP,LTG LN,4
Expeditors International of Washington,EXPD,4
POOL CORPORATION,POOL US,5
AIRBUS SE,AIR FP,10
ResMed Inc.,RMD US,11
Sohu.com Inc.,SOHU,4
IRESS LTD,IRE AU,1
INSTITUTO HERMES PARDINI SA,PARD3 BZ,1
"BLACKROCK, INC.",BLK,10
ALEAFIA HEALTH INC,AH CN,4
"WATSCO, INC.",WSO,1
PINNACLE WEST CAPITAL,PNW UN,1
ROYAL MAIL PLC,RMG LN,1
Marvell Technology Group Ltd.,MRVL US,13
VENTURE CORP LTD,VMS SP,1
"Pentair, Inc.",PNR US,2
DU PONT DE NEMOURS,DD US,6
"1-800-FLOWERS.COM, INC.",FLWS,2
"CARA THERAPEUTICS, INC.",CARA,1
Eversource Energy,ES US,1
CRANSWICK PLC,CWK LN,1
"LIFETIME BRANDS, INC.",LCUT,1
"HUNTINGTON INGALLS INDUSTRIES, INC.",HII,5
"PULTEGROUP, INC.",PHM,2
TOSHIBA CORP,6502 JP,1
ENERGEAN PLC,ENOG LN,5
"Red Violet, Inc.",RDVT,1
Hanesbrands Inc.,HBI US,2
IQVIA HOLDINGS INC,IQV US,20
REGENXBIO INC,RGNX UW,1
Texas Instruments Incorporated,TXN US,11
THULE GROUP,THULE SS,1
FIAT CHRYSLER AUTOMOBILES NV,FCA IM,1
ITV PLC,ITV LN,1
The Estee Lauder Companies Inc.,EL US,7
RIO TINTO PLC GBP,RIO LN,1
SONOVA HOLDING AG-REG,SOON SW,3
BERTRANDT AG,BDT GY,1
KAMAN CORPORATION,KAMN US,1
PERION NETWORK LTD,PERI US,4
GDS HOLDINGS LIMITED,GDS US,4
KT CORPORATION,KT US,10
"WERNER ENTERPRISES, INC.",WERN,1
LIBERTY HEALTH SCIENCES INC,LHS CN,3
"MERIDIAN BIOSCIENCE, INC.",VIVO,1
TEMENOS AG - REG,TEMN SW,1
LEXINGTON REALTY TRUST,LXP,1
DUKE REALTY CORPORATION,DRE,2
ENGHOUSE SYSTEMS LTD,ENGH CN,1
BANK OF CHINA LTD-H,3988 HK,1
PETROLEO BRAS PETROB,PBR/A US,1
Eli Lilly and Co.,LLY US,8
BIONDVAX PHARMACEUTICALS LTD,BVXV,1
"Nasdaq, Inc.",NDAQ,1
"BEYOND AIR, INC.",XAIR US,2
Nutrien Ltd.,NTR,6
EASTMAN CHEMICAL COMPANY,EMN,7
"LAREDO PETROLEUM, INC",LPI,1
FAES FARMA SA,FAE SM,1
Eaton Corporation,ETN US,2
LEXINFINTECH HOLDINGS LTD.,LX,1
"CHIPOTLE MEXICAN GRILL, INC.",CMG,4
SARMENT HOLDING LTD,SAIS CN,10
"GOSSAMER BIO, INC.",GOSS,2
BEAM THERAPEUTICS INC,BEAM UW,1
Nokia Corporation,NOK,15
Alvarion Ltd,ALVRQ US,1
GERRESHEIMER AG,GXI GY,2
"LOWE`S COMPANIES, INC.",LOW US,9
HUMANA INC.,HUM US,4
LIVONGO HEALTH INC,LVGO,4
"Fomento Econo Mexicano, SAB de C.V",FMX US,1
SYNCHRONY FINANCIAL,SYF,8
ASSOCIATED BRITISH FOODS,ABF LN,1
BRUNELLO CUCINELLI SPA,BC IM,1
EQUATORIAL RESOURCES LIMITED,EQX US,2
Halliburton Company,HAL US,3
DEUTSCHE EUROSHOP,DEQ GR,1
US BANCORP,USB UN,1
"PLANET FITNESS, INC.",PLNT US,5
HORIZON PHARMA PUBLIC LIMITED COMPANY,HZNP,1
MERCK KGAA,MRK GY,3
"Penn National Gaming, Inc",PENN US,1
SIXT AG,SIX2 GR,1
DEUTSCHE BOERSE AG,DB1 GY,3
NORWEGIAN CRUISE LINE HOLDINGS LTD.,NCLH,7
SIEMENS AG REGISTERED SHS,SIE GR,1
METRO AG,B4B GY,1
CHURCH and DWIGHT CO INC,CHD UN,1
"LAMB WESTON HOLDINGS, INC.",LW,1
"EXLSERVICE HOLDINGS, INC.",EXLS US,1
"WELBILT, INC.",WBT,1
"Proto Labs, Inc.",PRLB,4
SIEMENS AG-REG,SIE GY,2
"ACUITY BRANDS, INC.",AYI,3
NINTENDO CO LTD,7974 JP,4
TRULIEVE CANNABIS CORP,TRUL CN,4
QUANTERIX CORPORATION,QTRX,6
FAURECIA,EO FP,1
TEMENOS GROUP,TEMN SW,1
JAPAN LOGISTICS FUND INC,8967 JP,1
BRENNTAG AG,BNR GY,2
Cemex S.A. B de C.V.,CX US,2
ICON PUBLIC LIMITED COMPANY,ICLR US,1
"SkyWest, Inc.",SKYW US,1
MEDACTA GROUP SA,MOVE SW,1
NANO DIMENSION LTD,NNDM US,2
SANDS CHINA LTD,1928 HK,2
ROYAL CARIBBEAN CRUISES LTD.,RCL,15
"NetEase.com, Inc.",NTES US,10
BRIGHT HORIZONS FAMILY SOLUTIONS INC.,BFAM US,1
TUFIN SOFTWARE TECHNOLOGIES LTD,TUFN US,7
"MODERNA, INC.",MRNA US,10
"BJand#39;S WHOLESALE CLUB HOLDINGS, INC.",BJ,3
ASTRAZENECA,AZN LN,1
AEON FINANCIAL SERVICE CO LT,8570 JP,1
ARCBEST CORPORATION,ARCB,1
"HALOZYME THERAPEUTICS, INC.",HALO,2
GRAND CITY PROPERTIES,GYC GY,2
IONIS PHARMACEUTICALS INC,IONS UW,1
"FLEETCOR TECHNOLOGIES, INC.",FLT US,12
SWEDISH MATCH,SWMA SS,3
ALPS ALPINE CO LTD,6770 JP,2
"DOCUSIGN, INC.",DOCU US,15
US FOODS HOLDING CORP.,USFD,1
Kimberly-Clark Corporation,KMB US,17
"MMA CAPITAL HOLDINGS, INC.",MMAC,1
KINGSOFT CLOUD HOLDINGS LIMITED,KC,3
LyondellBasell Industries NV,LYB,1
JAPAN MATERIAL CO LTD,6055 JP,1
DIALOG SEMICONDUCTOR PLC,DLG GY,2
KORNIT DIGITAL LTD,KRNT US,69
FORWARD AIR CORPORATION,FWRD,1
"DATADOG, INC.",DDOG US,2
GS YUASA CORP,6674 JP,1
INDIVIOR PLC,INDV LN,1
METTLER-TOLEDO INTERNATIONAL,MTD UN,1
GLP J-REIT,3281 JP,1
AUTOHOME INC.,ATHM US,5
Trane Technologies plc,TT US,5
TATA MOTORS LTD,TTM US,2
DAIFUKU CO LTD,6383 JP,1
"CITIZENS FINANCIAL GROUP, INC.",CFG,1
ACCIONA SA,ANA SM,1
JACOBS ENGINEERING GROUP INC.,J US,5
WEYERHAEUSER COMPANY,WY US,1
So-Young International Inc.,SY US,1
LEROY SEAFOOD GROUP ASA,LSG NO,1
SINO BIOPHARMACEUTICAL,1177 HK,2
PANDORA A/S,PNDORA DC,9
FORTIVE CORPORATION,FTV US,4
The Gap Inc.,GPS,2
ENTERA BIO LTD,ENTX US,3
CORESITE REALTY CORPORATION,COR US,1
DOMINO S PIZZA GROUP PLC,DOM LN,2
Cheetah Mobile Inc.,CMCM US,1
VERBUND AG,VER AV,1
"CARETRUST REIT, INC.",CTRE,1
PING AN INSURANCE,2318 HK,2
STORYTEL AB,STORYB SS,1
"Align Technology, Inc.",ALGN US,4
"COGENT COMMUNICATIONS HOLDINGS, INC.",CCOI,1
CHURCHILL DOWNS INCORPORATED,CHDN US,1
CANSINO BIOLOGICS INC-H,6185 HK,1
KAMADA LTD,KMDA US,2
EVOLUTION GAMING GROUP,EVO SS,1
AIRBUS SE.,AIR FP,1
CVS Corporation,CVS US,14
ITAMAR MEDICAL LTD,ITMR US,8
CK HUTCHISON HOLDINGS LTD,1 HK,3
ISRAEL CHEMICALS LTD.,ICL,2
SUPREME CANNABIS CO INC/THE,FIRE CN,2
ACCELERON PHARMA INC.,XLRN US,1
Brookfield Renewable Partners LP,BEP US,16
BIO-TECHNE CORPORATION,TECH US,4
DEUTSCHE WOHNEN SE,DWNI GY,3
TREMOR INTERNATIONAL LTD,TRMR LN,2
LOOMIS AB-B,LOOMIS SS,5
COLRUYT,COLR BB,1
"EASTGROUP PROPERTIES, INC.",EGP,2
Service Corporation International,SCI,2
APPIAN CORPORATION,APPN US,10
NOBINA AB,NOBINA SS,1
"RAPID7, INC.",RPD US,4
MEITUAN DIANPING-CLASS B,3690 HK,7
"RCI HOSPITALITY HOLDINGS, INC.",RICK,1
FLAT GLASS GROUP CO LTD-H,6865 HK,1
KNORR-BREMSE AG,KBX GY,2
KDDI CORP,9433 JP,2
LATTICE SEMICONDUCTOR CORPORATION,LSCC,2
REYNOLDS CONSUMER PRODUCTS INC.,REYN,1
GAMESA CORP TECNOLOGICA S,SGRE SM,1
ORION OYJ-CLASS B,ORNBV FH,1
RELIANCE INDS-SPONS GDR,RIGD LI,2
"THE COOPER COMPANIES, INC.",COO US,1
NEW CHINA LIFE INSURANCE C-H,1336 HK,2
SAAB AB-B,SAABB SS,1
"F5 Networks, Inc.",FFIV,7
STATE STREET CORPORATION,STT US,1
Infineon Technologies AG,IFNNY US,1
VECTOR GROUP LTD.,VGR US,1
KONINKLIJKE DSM NV,DSM NA,2
VOXX INTERNATIONAL CORPORATION,VOXX,1
"J. B. HUNT TRANSPORT SERVICES, INC.",JBHT,3
REPSOL SA,REP SM,1
EXACT SCIENCES CORPORATION,EXAS US,3
"PRICESMART, INC.",PSMT,1
"DEXCOM, INC.",DXCM US,12
"8X8, INC.",EGHT US,4
"CONAGRA BRANDS, INC.",CAG,6
"ANTHEM, INC.",ANTM US,12
KEYENCE CORPORATION,KYCCF,1
Illinois Tool Works Inc.,ITW US,2
FITBIT INC - A,FIT UN,1
WIZZ AIR HOLDINGS PLC,WIZZ LN,3
IAC/INTERACTIVECORP,IAC US,6
BYD CO,1211 HK,1
SOSILA LOGISTICS REIT INC,2979 JP,1
"ASSURANT, INC.",AIZ US,1
SARTORIUS DENIM BIOTECH,DIM FP,2
METAWATER CO LTD,9551 JP,1
NINTENDO CO,7974 JP,1
DANONEE,BN FP,1
BAYER AG,BAYN GR,1
ROYAL DUTCH SHELL PLC-A S,RDSA LN,1
VICOR CORPORATION,VICR,1
UNIVERSAL HEALTH REALTY INCOME TRUST,UHT,2
"AEROJET ROCKETDYNE HOLDINGS, INC.",AJRD,2
PING IDENTITY HOLDING CORP.,PING US,5
INDUSTRIA DE DISENO TEXTIL,ITX SM,1
DAIMLERCHRYSLER AG-REG,DAI GY,2
JetBlue Airways Corporation,JBLU,3
AMERICAN TOWER CORP,AMT UN,1
EMBRACER GROUP AB,EMBRACB SF,1
JENOPTIK AG,JEN GY,3
AllianceBernstein Holding LP,AB,1
The Allstate Corporation,ALL US,1
ACADIA PHARMACEUTICALS INC,ACAD UW,1
"GCI LIBERTY, INC.",GLIBA,1
ELDERS LTD,ELD AU,1
"DELTA AIR LINES, INC.",DAL,22
BARRATT DEVELOPMENTS PLC,BDEV LN,1
HORMEL FOODS CORPORATION,HRL US,5
PORTLAND GENERAL ELECTRIC COMPANY,POR US,1
PERRIGO COMPANY PUBLIC LIMITED COMPANY,PRGO US,1
HOLOGIC INC,HOLX UW,1
SMITH andamp; NEPHEW PLC,SNN US,3
Rockwell Automation,ROK,8
NEMETSCHEK AG,NEM GY,1
DECKERS OUTDOOR CORPORATION,DECK US,1
HEXCEL CORPORATION,HXL,2
NortonLifeLock Inc.,NLOK US,9
ERG SPA,ERG IM,2
Steris Corporation,STE US,5
MCCORMICK and CO-NON VTG SHRS,MKC UN,2
HAZAMA ANDO CORP,1719 JP,1
"NIKE, Inc.",NKE,39
Las Vegas Sands Corp.,LVS,26
PACKAGING CORPORATION OF AMERICA,PKG,2
EVERI HOLDINGS INC.,EVRI US,2
CHINA EVERBRIGHT INTERNATIONAL,257 HK,1
The Walt Disney Company,DIS US,33
LENNAR CORP,LEN UN,1
JUST EAT TAKEAWAY,JET LN,1
SL GREEN REALTY CORP.,SLG US,6
NOVARTIS AG-REG,NOVN SW,2
AXIS BANK LTD- GDR REG S,AXB LI,2
POWERCELL SWEDEN AB,PCELL SS,1
"CINEMARK HOLDINGS, INC.",CNK US,2
ASM HOLDING NV,ASML NA,1
RESOLUTE FOREST PRODUCTS,RFP CN,1
HON HAI PRECISION,HHPD LI,1
SEMTECH CORPORATION,SMTC,1
American Superconductor Corporation,AMSC US,1
"TYSON FOODS, INC.",TSN,5
"AQUABOUNTY TECHNOLOGIES, INC.",AQB US,1
"Varian Medical Systems, Inc.",VAR US,2
PAGSEGURO DIGITAL LTD.,PAGS US,36
PTC INC.,PTC,6
NEXON CO LTD,3659 JP,2
"APPFOLIO, INC.",APPF US,3
"PELOTON INTERACTIVE, INC.",PTON US,4
RANDSTAD NV,RAND NA,1
Chicago Mercantile Exchange Holdings,CME US,1
SUMITOMO RUBBER INDUSTRIES,5110 JP,1
"CABLE ONE, INC.",CABO US,1
YONKYU CO,9955 JP,1
The AES Corporation,AES,1
"ULTRA CLEAN HOLDINGS, INC.",UCTT,1
ALPHA BANK AE,ALPHA GA,1
"CITI TRENDS, INC.",CTRN,1
HORIBA LTD,6856 JP,1
JAPAN AIRLINES CO LTD,9201 JP,1
CHINA MENGNIU DAIRY CO,2319 HK,1
GUNGHO ONLINE ENTERTAINMENT,3765 JP,1
OHMOTO GUMI CO LTD,1793 JP,1
"APPLIED OPTOELECTRONICS, INC.",AAOI,1
"BROADRIDGE FINANCIAL SOLUTIONS, INC.",BR,5
HENKEL,HEN3 GR,3
RPT REALTY,RPT,1
SHIONOGI and CO LTD,4507 JP,1
AVIVA PLC,AV/ LN,1
Ecopetrol SA,EC US,1
HEICO CORP-CLASS A,HEI/A,1
MERCARI INC,4385 JP,1
"Urban Outfitters, Inc.",URBN,1
DANONE,BN FP,6
ANGI Homeservices Inc.,ANGI US,1
"BLACKLINE, INC",BL US,5
NEPTUNE WELLNESS SOLUTIONS INC.,NEPT,1
"USANA HEALTH SCIENCES, INC.",USNA,1
"Itron, Inc.",ITRI US,4
A2A,A2A IM,1
UBISOFT ENTERTAINMENT,UBI FP,2
"PAYPAL HOLDINGS, INC.",PYPL US,76
ZHEJIANG EXPRESSWAY CO-H,576 HK,1
"Boston Properties, Inc.",BXP US,9
ELI LILLY and CO,LLY UN,1
"Anheuser-Busch Companies, Inc.",BUD,14
AIR PRODUCTS and CHEMICALS INC,APD UN,1
DEUTSCHE LUFTHANSA-REG,LHA GY,5
BAYERISCHE MOTOREN WERKE AG,BMW GY,3
"AXOS FINANCIAL, INC.",AX,4
LARSEN and TOURBO LTD,LTOD LI,1
COWEN INC.,COWN,1
BOOZ ALLEN HAMILTON HOLDING CORPORATION,BAH US,8
SEA LIMITED,SE US,11
FRESENIUS MEDICAL CARE AG and,FME GY,3
"AMC ENTERTAINMENT HOLDINGS, INC.",AMC US,1
CIGNA Corporation,CI US,5
AMEREN CORPORATION,AEE,1
JC PENNEY COMPANY INC (HLDG CO,JCP UN,9
AIR CANADA,AC CN,1
STATE STREET CORP,STT UN,1
Carnival Corporation,CCL,11
GROUP CRIT,CEN FP,1
PACIFIC INDUSTRIAL CO LTD,7250 JP,1
Bilibili Inc.,BILI US,6
Nova Measuring Instruments Ltd.,NVMI US,17
WARNER MUSIC GROUP CORP.,WMG US,3
"CLOUDFLARE, INC.",NET US,7
"TOOTSIE ROLL INDUSTRIES, INC.",TR,1
The Kroger Co.,KR US,12
Mandamp;T BANK CORPORATION,MTB US,2
PUBLIC STORAGE,PSA,3
"SQUARE, INC.",SQ,23
PORSCHE AUTOMOBIL HLDG-PRF,PAH3 GY,1
American Tower Corporation,AMT US,8
GRANITE REAL ESTATE INVESTME,GRT-U CN,1
FERREXPO PLC,FXPO LN,1
"First Solar, Inc.",FSLR US,9
AXALTA COATING SYSTEMS LTD.,AXTA US,3
SEGA SAMMY HOLDINGS INC,6460 JP,1
EQUITY RESIDENTIAL,EQR,7
Cedar Fair LP,FUN US,1
DASSAULT AVIATION SA,AM FP,2
ELIA GROUP SA/NV,ELI BB,1
"Village Farms International, Inc.",VFF,1
International Business Machines Corp.,IBM US,21
Tower Semiconductor Ltd.,TSEM US,13
MCDONALDand#39;S CORPORATION,MCD US,8
EURONEXT NV,ENX FP,2
HELLA GMBH and CO KGAA,HLE GY,1
AMPHENOL CORPORATION,APH US,6
MAHINDRA and MAHINDARA-SP GDR,MHID LI,1
SINA CORP,SINA UQ,5
LENDINGCLUB CORPORATION,LC,4
HEALTH CATALYST INC,HCAT UW,1
"ALTERYX, INC.",AYX,5
EMERSON ELECTRIC CO,EMR UN,2
BORGWARNER INC.,BWA US,1
GARRETT MOTION INC.,GTX,4
Adobe Systems Incorporated,ADBE US,54
"FASTLY, INC.",FSLY US,9
SMURFIT KAPPA,SKG ID,1
TWIST BIOSCIENCE CORPORATION,TWST US,1
Chevron Corporation,CVX US,8
"ACCELERATE DIAGNOSTICS, INC.",AXDX US,1
"Seattle Genetics, Inc.",SGEN US,7
STABILUS SA,STM GY,1
"CARGURUS, INC.",CARG US,4
U.S. Bancorp,USB US,6
SCOUT24 AG,G24 GY,4
Marriott International Inc.,MAR,17
GENUINE PARTS COMPANY,GPC US,1
"LIVE NATION ENTERTAINMENT, INC.",LYV US,5
ALIGN TECHNOLOGY INC,ALGN UW,1
ORAMED PHARMACEUTICALS INC.,ORMP US,1
BANDWIDTH INC.,BAND,2
LEMAITRE VASCULAR INC,LMAT UQ,1
SIKA AG - REG,SIKA SW,1
Valero Energy Corporation,VLO US,5
"TERADYNE, INC.",TER US,3
"Applied Materials, Inc.",AMAT US,20
Columbia Sportswear Company,COLM US,1
"FARO TECHNOLOGIES, INC.",FARO,5
"LUMBER LIQUIDATORS HOLDINGS, INC.",LL,3
DICKSON CONCEPTS INTL LTD,113 HK,1
"CRYOPORT, INC.",CYRX US,1
V.F. Corporation,VFC US,5
OLYMPUS CORP,7733 JP,2
"CROWDSTRIKE HOLDINGS, INC.",CRWD US,16
APPEN LTD,APX AU,1
"T-MOBILE US, INC.",TMUS US,5
CLEARWAY ENERGY INC-A,CWEN/A US,1
AUTOLIV INC,ALV UN,1
TD Ameritrade Holding Corp.,AMTD US,6
SABRE CORPORATION,SABR US,3
SARTORIUS AG-VORZUG,SRT3 GY,4
Starbucks Corporation,SBUX US,31
Vedanta Limited,VEDL US,2
British American Tobacco,BTI,13
"OKTA, INC.",OKTA US,16
"Gilead Sciences, Inc.",GILD US,34
RWE AG,RWE GY,1
GALENICA AG,GALE SW,1
"DIGITAL REALTY TRUST, INC.",DLR US,9
GAIL INDIA LTD-REG S GDR,GAID LI,1
CHINA CONSTRUCTION BANK-H,939 HK,1
WIX.COM,WIX,89
PLATINUM ASSET MANAGEMENT,PTM AU,1
"PENNYMAC FINANCIAL SERVICES, INC.",PFSI,1
DREAM INDUSTRIAL REAL ESTATE,DIR-U CN,1
FORD MOTOR,F US,2
NINTENDO,7974 JP,1
CANOPY GROWTH CORP,WEED CN,3
Unisys Corporation,UIS,1
STATE BANK OF INDIA,SBID LI,2
SCHRODINGER INC,SDGR UW,1
DAITO TRUST CONSTRUCT,1878 JP,1
ASSURED GUARANTY LTD.,AGO,1
GAZPROM,OGZD LI,2
PREVAIL THERAPEUTICS INC.,PRVL,3
ASHTEAD GROUP PLC,AHT LN,2
Silicon Laboratories,SLAB,5
DELUXE CORPORATION,DLX,1
GYM GROUP,GYM LN,1
AIMING INC,3911 JP,1
TARO PHARMACEUTICAL INDUSTRIES LTD.,TARO,11
VORNADO REALTY TRUST,VNO UN,2
CODAN LTD,CDA AU,1
ING GROUP,INGA NA,1
TECAN GROUP AG-REG,TECN SW,1
EVOQUA WATER TECHNOLOGIES CORP.,AQUA US,1
SEVEN and I HOLDINGS CO LTD,3382 JP,1
Edison International,EIX UN,2
BOLIDEN AB,BOL SS,1
"CALIX, INC.",CALX,1
"THE GEO GROUP, INC.",GEO,3
DENA CO LTD,2432 JP,1
"EPAM SYSTEMS, INC.",EPAM US,3
Stryker Corporation,SYK US,7
HONDA MOTOR CO LTD,7267 JP,1
INGREDION INCORPORATED,INGR,2
ATRICURE INC,ATRC UQ,1
LANXESS AG,LXS GR,2
ENCOMPASS HEALTH CORPORATION,EHC US,2
TELEFONICA DEUTSCHLAND HOLDI,O2D GY,1
HUAZHU GROUP LIMITED,HTHT US,2
CIT Group Inc.,CIT,1
Companhia de Saneamento Basico,SBS US,1
VALEO,FR FP,1
Incyte Corporation,INCY US,7
FANUC CORP,6954 JP,1
TAT TECHNOLOGIES LTD.,TATT US,1
ASML Holding N.V.,ASML US,18
Cognizant Technology Solutions Corp.,CTSH,9
China Telecom Corporation Limited,CHA US,11
RENOVA INC,9519 JP,3
NATIONAL BEVERAGE CORP.,FIZZ,1
"NEXTERA ENERGY, INC.",NEE US,19
L OREAL,OR FP,2
WEST PHARMACEUTICAL SERVICES,WST UN,1
STMicroelectronics NV,STM US,1
"COLONY CAPITAL, INC.",CLNY,1
Airbus SE,EADSY,2
VIRTUSA CORPORATION,VRTU,1
DUERR AG,DUE GR,2
AIG-AMERIC.INT.GRP,AIG,1
WEIMOB INC,2013 HK,2
MONEYSUPERMARKET.COM,MONY LN,1
"Amazon.com, Inc.",AMZN,126
CSX Corporation,CSX US,2
ELECOM,6750 JP,1
Silicon Motion Technology Corp.,SIMO US,1
INNERGEX RENEWABLE ENERGY,INE CN,3
"APOGEE ENTERPRISES, INC.",APOG,2
"ALEXION PHARMACEUTICALS, INC.",ALXN US,1
"Catalent, Inc.",CTLT US,4
Target Corporation,TGT US,22
SAFRAN SA,SAF FP,10
ADEVINTA ASA,ADE NO,1
CHARTER HALL LONG WALE REIT,CLW AU,1
"REALPAGE, INC.",RP US,1
"Regeneron Pharmaceuticals, Inc.",REGN US,8
ATOS ORIGIN,ATO FP,1
DAIWA HOUSE REIT INVESTMENT,8984 JP,1
KINGSOFT CORP LTD,3888 HK,3
WNS (HOLDINGS) LIMITED,WNS US,1
3SBIO INC,1530 HK,1
FRESH DEL MONTE PRODUCE INC.,FDP,1
INFINEON TECHNOLOGIES AG,IFX GY,18
THALES SA,HO FP,4
"BLUEBIRD BIO, INC.",BLUE,4
DEUTSCHE BANK AG-REGISTERED,DBK GY,1
BERKELEY GROUP HOLDINGS/THE,BKG LN,1
Newell Rubbermaid Inc.,NWL,2
SAWAI PHARMACEUTICAL,4555 JP,1
PEBBLEBROOK HOTEL TRUST,PEB US,1
LASALLE LOGIPORT REIT,3466 JP,1
ULTRAGENYX PHARMACEUTICAL INC.,RARE,1
LLOYDS BANKING GROUP PLC,LLOY LN,1
NVIDIA Corporation,NVDA,65
"Baidu.com, Inc.",BIDU,36
ASR NEDERLAND NV,ASRNL NA,1
China Unicom Limited,CHU US,1
NASPERS LTD-N SHS,NPN SJ,1
Hilton Hotels Corporation,HLT,14
KINGSPAN GROUP PLC,KSP ID,1
OKUMA HOKDINGS,6103 JP,1
SUNRUN INC.,RUN US,5
STEF SA,STF FP,1
Morgan Stanley,MS US,14
BECTON DICKINSON AND CO,BDX UN,2
"EBIX, INC.",EBIX,5
ROLLS-ROYCE GROUP PLC,RR/ LN,1
"LYFT, INC.",LYFT US,3
Garmin Ltd.,GRMN US,5
"AVALARA, INC.",AVLR US,11
Canon Inc.,CAJ,1
HORIBA LTD - FOR ALTSHULE,6856 JP,1
Volkswagen AG,VWAGY,2
CAPCOM CO LTD,9697 JP,1
RLJ LODGING TRUST,RLJ US,1
"89BIO, INC.",ETNB US,2
"MONRO, INC.",MNRO,1
"ACI WORLDWIDE, INC.",ACIW US,5
DS SMITH PLC,SMDS LN,1
Aurora Cannabis Inc.,ACB,5
DEXCOM INC,DXCM UW,1
"Fiserv, Inc.",FISV US,19
DENNYand#39;S CORPORATION,DENN,1
"THE PENNANT GROUP, INC.",PNTG US,1
Mylan Laboratories Inc.,MYL US,31
NAVTEQ Corporation,NVT US,1
YELP INC.,YELP,5
INTELLIA THERAPEUTICS INC,NTLA UQ,1
"MONGODB, INC.",MDB US,6
AUXLY CANNABIS GROUP INC,XLY CN,2
NEW SENIOR INVESTMENT GROUP INC.,SNR,1
"Netflix, Inc.",NFLX,37
Marathon Oil Corporation,MRO,1
REPLIGEN CORPORATION,RGEN US,3
WATERS CORPORATION,WAT US,1
"CHURCH andamp; DWIGHT CO., INC.",CHD US,10
HON HAI PRECISION-GDR REG S,HHPD LI,3
PUBLICIS GROUPE,PUB FP,2
SINA Corporation,SINA,2
CSL LTD,CSL AU,1
GDF SUEZ,ENGI FP,2
"SCHNEIDER NATIONAL, INC.",SNDR,1
HSBC HOLDINGS PLC,HSBA LN,2
RECORDATI SPA,REC IM,2
OneConnect Financial Technology Co Ltd,OCFT,2
Xerox Corporation,XRX US,1
GENFIT,GNFT FP,1
"Mondelez International, Inc.",MDLZ US,6
CACI INTERNATIONAL INC CL A,CACI UN,3
INFINEON TECHNOLOGIES,IFX GR,1
"ZSCALER, INC.",ZS US,16
KLA-Tencor Corporation,KLAC US,8
EMERGENT BIOSOLUTIONS INC.,EBS,1
"CARTERand#39;S, INC.",CRI,8
"FOUR CORNERS PROPERTY TRUST, INC.",FCPT,1
"UNITED RENTALS, INC.",URI US,5
"TESLA, INC.",TSLA,12
Studio City International Holdings Limited,MSC,2
FUJI ELECTRIC,6504 JP,1
FACTSET RESEARCH SYSTEMS INC.,FDS US,4
MELROSE INDUSTRIES PLC,MRO LN,1
CHINA CITIC BANK-H,998 HK,2
HILTON GRAND VACATIONS INC.,HGV US,1
MASIMO CORPORATION,MASI US,9
PROCTER GAMBLE,PG US,13
Yandex NV,YNDX US,10
FERRARI NV,RACE IM,2
Alcon Inc.,ALC US,3
G8 EDUCATION LTD,GEM AU,1
EUROBIO-SCIENTIFIC,ALERS FP,1
KEYWORDS STUDIOS PLC,KWS LN,1
X5 RETAIL GROUP NV,FIVE LI,1
FINTECH GROUP AG,FTK GR,1
3M Company,MMM,10
"SAIA, INC.",SAIA,1
GB GROUP PLC,GBG LN,1
AerCap Holdings NV,AER US,20
ANHEUSER-BUSCH INBEV,ABI BB,1
LUKOIL,LKOD LI,1
MERIDIAN ENERGY LTD,MEL NZ,1
BANDAI NAMCO HOLDINGS INC,7832 JP,1
EVOTEC SE,EVT GY,1
AMBARELLA INC,AMBA,2
TOTAL SE,FP FP,2
CNP ASSURANCES,CNP FP,1
"ON DECK CAPITAL, INC.",ONDK,1
"VIOMI TECHNOLOGY CO., LTD",VIOT,1
TERADATA CORPORATION,TDC,2
ASHTEAD GROUP PLC.,AHT LN,1
NXP Semiconductors NV,NXPI US,7
SEKISUI CHEMICAL CO LTD,4204 JP,1
WH SMITH PLC,SMWH LN,4
"NUTANIX, INC.",NTNX US,6
GENPACT LIMITED,G US,4
"KEYSIGHT TECHNOLOGIES, INC.",KEYS US,6
Evertec Inc,EVTC,5
"BUILDERS FIRSTSOURCE, INC.",BLDR,2
"ENVESTNET, INC.",ENV,4
Boston Scientific Corp.,BSX US,5
ANGIODYNAMICS INC,ANGO UW,1
BALLARD POWER SYSTEMS INC,BLDP CN,3
UROGEN PHARMA LTD,URGN US,10
REPAY HOLDINGS CORPORATION,RPAY US,4
LEYOU TECHNOLOGIES HOLDINGS,1089 HK,1
"THE HACKETT GROUP, INC.",HCKT US,1
GENERAL ELECTRIC,GE US,11
TERNA ENERGY SA,TENERGY GA,8
M3 INC,2413 JP,1
Fiat Chrysler Automobiles NV,FCAU US,4
NIDEC CORP,6594 JP,1
AZUL SA,AZUL4 BZ,1
AMERICAN AIRLINES GROUP INC.,AAL,6
Capri Holdings Limited,CPRI US,3
BIOTELEMETRY INC,BEAT UW,1
AIRBUS GROUP NV,AIR FP,10
"SERVICENOW, INC.",NOW US,15
Lear Corporation,LEA US,4
ELIS SA,ELIS FP,3
THE GOODYEAR TIRE andamp; RUBBER COMPANY,GT,4
Fifth Third Bancorp,FITB,1
"MODEL N, INC.",MODN US,1
"EURONET WORLDWIDE, INC.",EEFT US,3
ADDUS HOMECARE CORPORATION,ADUS US,1
FinVolution Group,FINV,1
TEXTRON INC,TXT UN,1
"MOTOROLA SOLUTIONS, INC.",MSI US,2
WILEY (JOHN) and SONS-CLASS A,JW/A US,2
CYREN LTD,CYRN,40
AGRAFLORA ORGANICS INTERNATI,AGRA CN,2
MUENCHENER RUECKVER AG-REG,MUV2 GY,1
AFTERPAY LTD,APT AU,1
"ALEXANDERand#39;S, INC.",ALX,1
"PROOFPOINT, INC.",PFPT US,9
"The Travelers Companies, Inc.",TRV US,1
ZTO EXPRESS (CAYMAN) INC.,ZTO,2
"SUMMIT MATERIALS, INC.",SUM US,1
CHROMADEX CORPORATION,CDXC,1
ATRION CORPORATION,ATRI UW,1
WEX INC.,WEX US,4
GLADSTONE COMMERCIAL CORPORATION,GOOD,1
KOEI TECMO HOLDINGS CO LTD,3635 JP,1
CANADIAN NATIONAL RAILWAY COMPANY,CNI US,1
"Harley-Davidson, Inc.",HOG US,2
OKI ELECTRIC INDUSTRY CO LTD,6703 JP,1
SOFTWARE AG,SOW GY,1
METTLER-TOLEDO INTERNATIONAL INC.,MTD,3
ALIBABA HEALTH INFORMATIO,241 HK,3
Wheaton Precious Metals Corp.,WPM US,2
Ingersoll-Rand Company Limited,IR,6
HEXO CORP,HEXO CN,2
RECORDATI INDUSTRIA CHIMICA,REC IM,1
SHOCKWAVE MEDICAL INC,SWAV UW,1
MITSUI FUDOSAN LOGISTICS PAR,3471 JP,1
AALBERTS,AALB NA,1
Compugen Ltd.,CGEN US,3
IRHYTHM TECHNOLOGIES INC,IRTC UW,1
RITCHIE BROS. AUCTIONEERS INCORPORATED,RBA US,1
LUKOIL SPON,LKOD LI,1
ALLEGIANT TRAVEL COMPANY,ALGT US,4
אלטן,ATE FP,3
PROTHENA CORP PLC,PRTA UW,1
"QURATE RETAIL, INC.",QRTEA US,2
"COSTAR GROUP, INC.",CSGP US,8
CENTURYTEL INC,CTL UN,2
RENESAS ELECTRONICS CORP,6723 JP,2
"PROLOGIS, INC.",PLD US,10
BioNTech SE,BNTX,4
"GRAND CANYON EDUCATION, INC.",LOPE US,1
"LGI HOMES, INC.",LGIH US,11
FEDERAL REALTY INVST TRUST,FRT UN,2
"GREENLANE HOLDINGS, INC.",GNLN,2
Brookfield Property Partners LP,BPY,2
"Cboe Global Markets, Inc.",CBOE US,4
BP plc,BP/  LN,8
"CASEYand#39;S GENERAL STORES, INC.",CASY US,2
NOVO NORDISK A/S-B,NOVOB DC,3
SUMITOMO MITSUI,8316 JP,1
Dollar General Corp.,DG US,13
NEVRO CORP.,NVRO,1
JAZZ PHARMACEUTICALS PUBLIC LIMITED COMPANY,JAZZ US,1
UNILEVER NV,UNA NA,3
OTIS WORLDWIDE CORPORATION,OTIS,4
Hess Corp.,HES US,1
ITOCHU ADVANCE LOGISTICS INV,3493 JP,1
SUNNY OPTICAL TECH,2382 HK,1
ALTIUM LTD,ALU AU,1
Ameron International Corporation,AMN US,1
"Franchise Group, Inc.",FRG,1
MTY FOOD GROUP INC,MTY CN,1
ALBIOMA SA,ABIO FP,2
Sprout Social Inc,SPT,3
DARIOHEALTH CORP.,DRIO,2
LINDE PUBLIC LIMITED COMPANY,LIN US,13
Unilever N.V.,UN US,3
"ANAPLAN, INC.",PLAN US,3
CACI INTERNATIONAL INC.,CACI US,4
APi Group Corporation,APG,1
COMPUGROUP MEDICAL SE and CO K,COP GY,1
INVITAE CORPORATION,NVTA US,1
"Akamai Technologies, Inc.",AKAM US,16
"BIO-RAD LABORATORIES, INC.",BIO US,5
Equity Commonwealth,EQC,2
"INTERACTIVE BROKERS GROUP, INC.",IBKR,3
"BOTTOMLINE TECHNOLOGIES (DE), INC.",EPAY US,9
"Teladoc Health, Inc.",TDOC US,20
SUPERNUS PHARMACEUTICALS INC,SUPN UQ,1
"VARONIS SYSTEMS, INC.",VRNS US,10
BAE SYSTEMS PLC,BAESY US,5
HAIER ELECTRONICS,1169 HK,3
"SABRA HEALTH CARE REIT, INC.",SBRA,1
VERIZON COMMUNICATIONS INC,VZ UN,1
Sapiens International Corporation N.V.,SPNS,10
"HANNON ARMSTRONG SUSTAINABLE INFRASTRUCTURE CAPITAL, INC.",HASI US,2
"QUALCOMM, Inc.",QCOM,45
DEUTSCHE WOHNEN,DWNI GR,1
"EVENTBRITE, INC.",EB US,1
"Watts Water Technologies, Inc.",WTS US,1
"INOVALON HOLDINGS, INC.",INOV US,2
"Jefferies Group, Inc.",JEF US,2
ABB LTD-REG,ABBN SW,1
"SORRENTO THERAPEUTICS, INC.",SRNE,2
"MID-AMERICA APARTMENT COMMUNITIES, INC.",MAA US,1
NORDSON CORPORATION,NDSN US,1
Charles River Laboratories,CRL US,2
"CF INDUSTRIES HOLDINGS, INC.",CF US,2
MITSUBISHI MATERIALS,5711 JP,1
Dell Inc.,DELL,1
VERALLIA,VRLA FP,2
"REXFORD INDUSTRIAL REALTY, INC",REXR,2
Amdocs Limited,DOX US,15
Koninklijke Philips Electronics NV,PHG US,3
SILGAN HOLDINGS INC.,SLGN,2
DENSO CORP,6902 JP,1
Capital One Financial Corp.,COF,3
Cronos Group Inc.,CRON,5
FAIR ISAAC CORPORATION,FICO US,4
Swedish Match AB,SWMAY US,1
LIBERTY BROADBAND CORPORATION,LBRDK US,1
PLURISTEM THERAPEUTICS INC.,PSTI,1
COGNEX CORPORATION,CGNX,6
SILVER LAKE RESOURCES LTD,SLR AU,1
Jamf Holding Corp.,JAMF US,1
"ETSY, INC.",ETSY,14
"THOR INDUSTRIES, INC.",THO US,2
STRATEC SE,SBS GY,1
TLG IMMOBILIEN AG,TLG GY,1
"PERKINELMER, INC.",PKI US,7
"Berry Global Group, Inc.",BERY US,3
GERON CORPORATION,GERN,1
RAYTHEON TECHNOLOGIES CORPORATION,RTX US,27
DXC TECHNOLOGY COMPANY,DXC,8
NESTLE SA-REGISTERED,NESN SW,1
VISA INC.,V,104
KB HOME,KBH,2
MAIYAN ENTERTAINMENT,1896 HK,1
RECKITT BENCKISER GROUP PLC,RBGLY US,3
PLAZA CENTERS NV,PLAZ LN,7
"WEST PHARMACEUTICAL SERVICES, INC.",WST US,7
LIVANOVA PLC,LIVN UW,1
BROOKFIELD PROPERTY REIT INC.,BPYU,2
FOX FACTORY HOLDING CORP.,FOXF US,1
COPA HOLDINGS SA-CLASS A,CPA UN,1
"21Vianet Group, Inc.",VNET US,2
NIKE INC -CL B,NKE UN,17
DAIMLER AG REGISTERED SHA,DAI GR,1
"ABIOMED, INC.",ABMD US,4
AVERY DENNISON CORPORATION,AVY US,3
AMERISOURCEBERGEN CORPORATION,ABC US,5
"ENANTA PHARMACEUTICALS, INC.",ENTA,3
CAE INC,CAE CN,2
ATS AUTOMATION TOOLING SYS,ATA CN,1
"YUM! BRANDS, INC.",YUM,2
INSULET CORP,PODD UW,1
SERITAGE GROWTH PROPERTIES,SRG,1
TILT RENEWABLES LTD,TLT NZ,1
"ACTIVISION BLIZZARD, INC.",ATVI US,26
"PATRICK INDUSTRIES, INC.",PATK,1
"AMERICAN ELECTRIC POWER COMPANY, INC.",AEP US,1
"ANSYS, Inc.",ANSS,11
ASM PACIFIC TECHNOLOGY,522 HK,1
"Neurocrine Biosciences, Inc.",NBIX US,5
PINNACLE WEST CAPITAL CORPORATION,PNW,1
KONICA MINOLTA INC,4902 JP,1
SUOMINEN OYJ,SUY1V FH,4
CAPGEMINI SE,CAP FP,3
AEGON NV,AGN NA,1
AMIAD WATER SYSTEMS LTD,AFS LN,4
LANTHEUS HOLDINGS INC,LNTH UQ,1
"Alexandria Real Estate Equities, Inc.",ARE,1
Nektar Therapeutics,NKTR,2
RTL GROUP,RRTL GY,2
CHINA CONSTRUCTION,939 HK,1
"ZIMMER BIOMET HOLDINGS, INC.",ZBH US,5
Alcoa Inc.,AA,1
ADTALEM GLOBAL EDUCATION INC.,ATGE US,1
MICHELIN,ML FP,1
"UPLAND SOFTWARE, INC.",UPLD US,1
CHINA CONCH VENTURE HOLDINGS,586 HK,1
"Citrix Systems, Inc.",CTXS,22
PERSIMMON PLC,PSN LN,1
"AVIS BUDGET GROUP, INC.",CAR US,3
CIVEO CORPORATION,CVEO,4
Lennar Corporation,LEN,4
GAMESA CORP TECHNOLOGICA SA,SGRE SM,3
Norfolk Southern Corp.,NSC US,1
"THE HAIN CELESTIAL GROUP, INC.",HAIN,1
Vonage Holdings Corp.,VG,2
TOMRA SYSTEMS ASA,TOM NO,1
NESTLE SA,NESN SW,4
LIFEVANTAGE CORPORATION,LFVN,1
ATLAS COPCO AB-A SHS,ATCOA SS,2
"KARUNA THERAPEUTICS, INC.",KRTX,1
INTRA-CELLULAR THERAPIES INC,ITCI UW,1
VOLKSWAGEN AG - PFD,VOW3 GY,1
Pfizer Inc.,PFE US,51
"KIRKLANDand#39;S, INC.",KIRK US,1
AVON RUBBER PLC,AVON LN,1
FUJI CORP/AICHI,6134 JP,2
"The Home Depot, Inc.",HD US,21
"HEAT BIOLOGICS, INC.",HTBX,1
Gold Fields Limited,GFI US,3
CIGNA CORP,CI UN,1
AVIENT CORPORATION,AVNT,1
CYRUSONE INC.,CONE US,1
BANK OF MONTREAL,BMO CN,1
Akerna Corp.,KERN,2
"OLD DOMINION FREIGHT LINE, INC.",ODFL US,4
APPLUS SERVICES SA,APPS SM,2
HANSOH PHARMACEUTICAL GROUP,3692 HK,1
BIO-RAD LABORATORIES-A,BIO UN,1
GW PHARMACEUTICALS PLC,GWPH,6
LEONTEQ AG,LEON SW,1
SYSMEX CORP,6869 JP,2
NEWS CORP,NWS,1
RELIANCE INDS,RIGD LI,2
TSAKOS ENERGY NAVIGATION LIMITED,TNP,3
Qudian Inc.,QD,2
TRACTOR SUPPLY COMPANY,TSCO,9
KUMBA IRON,KIO SJ,1
Wachovia Corporation,WB US,4
BEIJING ENTERPRISES WATER GR,371 HK,1
CHINA LIFE INSURANCE CO-H,2628 HK,1
"XPO LOGISTICS, INC.",XPO,6
"STERICYCLE, INC.",SRCL US,3
IMCD NV,IMCD NA,1
SUMMIT PROPERTIES LTD,SMTP LN,1
LENOVO GROUP,992 HK,2
NEL ASA,NEL NO,1
UNITI GROUP INC.,UNIT US,1
Herbalife Ltd.,HLF US,2
"Bandamp;G FOODS, INC.",BGS,1
"VIRTU FINANCIAL, INC.",VIRT US,2
UPM KYMMENE OYJ,UPM FH,1
DR.REDDYand#39;S LABORATORIES LTD,RDY US,2
Novanta Inc.,NOVT US,1
GREEN ORGANIC DUTCHMAN HOLDI,TGOD CN,3
MICROPORT SCIENTIFIC CORP,853 HK,2
"A10 NETWORKS, INC.",ATEN US,2
MITSUBISHI ELECTRIC CORP,6503 JP,1
MEDIOBANCA SPA,MB IM,1
ZAI LAB LIMITED,ZLAB US,1
KHIRON LIFE SCIENCES CORP,KHRN CN,4
BT GROUP PLC,BT/A LN,1
EIKEN CHEMICAL CO LTD,4549 JP,1
FUJITSU LTD,6702 JP,1
SAINSBURY (J) PLC,SBRY LN,1
"Virgin Galactic Holdings, Inc.",SPCE,6
SUEZ,SEV FP,4
XERO LTD,XRO AU,2
CROWN CASTLE INTERNATIONAL CORP.,CCI US,5
Edwards Lifesciences Corp,EW US,5
HIKMA,HIK LN,2
IG GROUP HOLDINGS PLC,IGG LN,4
RENTOKIL INITIAL PLC,RTO LN,1
"CSG SYSTEMS INTERNATIONAL, INC.",CSGS US,1
BAOZUN INC.,BZUN US,6
Nomad Foods Limited,NOMD,1
TURTLE BEACH CORPORATION,HEAR US,1
"General Mills, Inc.",GIS US,9
PAR TECHNOLOGY CORPORATION,PAR US,1
AAC TECHNOLOGIES HOLDINGS IN,2018 HK,1
DISCOVER FINANCIAL SERVICES,DFS,2
PODA TECHNOLOGIES LTD - NOT TR,PODA TECH,3
THE MIDDLEBY CORPORATION,MIDD,3
Apache Corporation,APA,4
COLOPL INC,3668 JP,1
DEUTSCHE TELEKOM AG,DTE GY,1
"Under Armour, Inc.",UA,1
THE CLOROX COMPANY,CLX US,7
Altera Corporation,ALTR,1
NATWEST GROUP PLC,NWG LN,3
Welltower Inc.,WELL,1
"KEROS THERAPEUTICS, INC.",KROS,3
INCHCAPE PLC,INCH LN,3
HEINEKEN NV,HEIA NA,2
HELEN OF TROY LIMITED,HELE US,3
SQUARE ENIX HOLDINGS CO LTD,9684 JP,1
Elbit Systems Ltd.,ESLT,7
ABBVIE INC.,ABBV US,13
"McCormick and Company, Incorporated",MKC,1
ADIDAS,ADS GR,4
TECHNOGYM SPA,TGYM IM,16
CAC Health Care Financial Index,FRHC,1
MELCO RESORTS andamp; ENTERTAINMENT LIMITED,MLCO,2
RH,RH US,5
IHS Markit Ltd.,INFO US,7
HOLMEN AB-B SHARES,HOLMB SS,1
BOSTON SCIENTIFIC CORP,BSX UN,1
CAPCOM CO,9697 JP,1
"T. ROWE PRICE GROUP, INC.",TROW US,3
MICROSTRATEGY INCORPORATED,MSTR US,2
"THE TJX COMPANIES, INC.",TJX US,24
ACCENTURE PUBLIC LIMITED COMPANY,ACN US,17
HANNOVER RUECKVERSICHERU-REG,HNR1 GY,1
AVAYA HOLDINGS CORP.,AVYA,1
GLAUKOS CORP,GKOS UN,1
Dover Corporation,DOV US,1
COLGATE PALMOLIVE,CL US,10
ANTA SPORTS PRODUCTS LTD,2020 HK,2
"CORBUS PHARMACEUTICALS HOLDINGS, INC.",CRBP,2
NANO-X IMAGING LTD,NNOX US,4
IMPERIAL BRANDS PLC,IMB LN,1
VALENS CO INC/THE,VLNS CN,3
"Q2 HOLDINGS, INC.",QTWO,3
Mercury Computer Systems Inc.,MRCY,1
REDFIN CORPORATION,RDFN US,1
VTECH HOLDINGS LTD,303 HK,2
A2Z SMART TECHNOLOGIES CORP,AZ CN,3
KINAXIS INC,KXS CN,3
"KULICKE AND SOFFA INDUSTRIES, INC.",KLIC US,1
"ZENDESK, INC.",ZEN,5
EMPOWER CLINICS INC,CBDT CN,1
CELLNEX TELECOM SA,CLNX SM,2
"CLEAN HARBORS, INC.",CLH US,1
"INDEPENDENCE REALTY TRUST, INC",IRT,1
"OneMain Holdings, Inc.",OMF,1
DAISEKI CO LTD,9793 JP,1
Embraer-Empresa Brasileir de Aero.,ERJ,1
3M CO,MMM UN,4
Rackspace Technology Inc,RXT US,1
UBIQUITI INC.,UI US,2
NuStar Energy LP,NS,1
ONCOCYTE CORPORATION,OCX US,2
ENDAVA PLC,DAVA US,1
Ambev SA,ABEV US,3
Molson Coors Brewing Company,TAP,2
G.U.D. HOLDINGS LTD,GUD AU,1
SIMCORP A/S,SIM DC,1
XINYI SOLAR HOLDINGS LTD,968 HK,3
DRAEGERWERK AG - PREF,DRW3 GY,2
KIMCO REALTY CORPORATION,KIM US,10
I.T.T.INDUSTRIES,ITT US,3
AK MEDICAL HOLDINGS LTD,1789 HK,2
HENKEL AG and CO KGAA VORZUG,HEN3 GY,1
SAP GR,SAP GR,2
DEUTSCHE TELEKOM AG-REG,DTE GY,1
"HandR Block, Inc.",HRB,2
PUBLIC SERVICE ENTERPRISE GROUP INCORPORATED,PEG,2
International Game Technology,IGT US,1
International Paper Company,IP US,2
TP ICAP PLC,TCAP LN,1
MASCO CORP,MAS UN,15
EDP-ENERGIAS DE PORTUGAL SA,EDP PL,2
"QUALYS, INC.",QLYS US,7
TOYOTA MOTOR CORP -SPONS ADR,TM UN,1
ROVIO ENTERTAINMENT OY,ROVIO FH,1
SKF AB-B SHARES,SKFB SS,1
International Consolidated Airlines Group SA,ICAGY,1
PHILLIPS 66,PSX US,1
CNOOC LTD,883 HK,2
The Chubb Corporation,CB US,2
CERES POWER HOLDINGS PLC,CWR LN,1
"360 DigiTech, Inc.",QFIN,1
GPT GROUP,GPT AU,1
DEMANT A/S,DEMANT DC,6
COLGATE-PALMOLIVE CO,CL UN,1
TRAVELCENTERS OF AMERICA INC.,TA,1
ORBCOMM INC.,ORBC US,1
E*TRADE Financial Corporation,ETFC US,7
SOHGO SECURITY SERVICES CO,2331 JP,1
PPHE HOTEL GROUP LTD,PPH LN,26
CHINASOFT INTERNATIONAL LTD,354 HK,2
IGG INC,799 HK,3
LUYE PHARMA GROUP LTD,2186 HK,1
ALLEGION PUBLIC LIMITED COMPANY,ALLE US,19
BREMBO,BRE IM,1
SODEXHO ALLIANCE,SW FP,2
"Micron Technology, Inc.",MU,35
BEST INC.,BEST,1
JB HI-FI LTD,JBH AU,1
SandT AG,SANT GY,2
NEXT PLC,NXT LN,3
"D.R. Horton, Inc.",DHI,4
Unilever plc,UL,2
Philip Morris International Inc.,PM US,11
SYMRISE,SY1 GY,1
OCADO GROUP PLC,OCDO LN,1
JBS SA,JBSAY US,1
"INSIGHT ENTERPRISES, INC.",NSIT,2
"CORTEVA, INC.",CTVA US,4
"BIOTELEMETRY, INC.",BEAT,2
VNV GLOBAL AB,VNV SS,1
"BEIGENE, LTD.",BGNE US,1
WIRECARD AG,WDI GY,7
"KURA ONCOLOGY, INC.",KURA,3
Wipro Limited,WIT US,2
TRANSUNION,TRU US,3
BERKSHIRE HATHAWAY INC NEW,BRK/B,29
RAMBUS INC.,RMBS,2
PARK HOTELS andamp; RESORTS INC.,PK,8
ALLIANZ SE-REG,ALV GY,3
ORASCOM INVESTMENT HOLD-GDR,OIH LI,1
Coca-Cola Femsa SAB de CV,KOF US,1
JAPAN LIFELINE CO LTD,7575 JP,1
SIX FLAGS ENTERTAINMENT CORPORATION,SIX,2
"VEONEER, INC.",VNE US,1
"EMCOR GROUP, INC.",EME US,1
PROSIEBENSAT.1 MEDIA SE,PSM GY,1
IND and COM BK OF CHINA,1398 HK,3
"THE TRADE DESK, INC.",TTD,15
"AMAG PHARMACEUTICALS, INC.",AMAG,1
"MACYand#39;S, INC.",M,2
SILICOM LTD,SILC US,30
GREAT WALL MOTOR COMPANY-H,2333 HK,1
HUYA Inc.,HUYA US,5
KITE REALTY GROUP TRUST,KRG,1
Invesco Cleantech ETF,PZD US,1
ORGANO CORP,6368 JP,1
INDUS HOLDING AG,INH GR,1
"Arrow Electronics, Inc.",ARW US,3
"EVEREST RE GROUP, LTD.",RE US,1
ELASTIC NV,ESTC UN,9
NSI NV,NSI NA,10
"Illumina, Inc.",ILMN US,4
BLACKBERRY LTD,BB CN,1
The Boeing Company,BA,37
"EVERBRIDGE, INC.",EVBG US,4
WESFARMERS LTD,WES AU,1
ORIX CORP,8591 JP,1
Novocure Ltd,NVCR US,5
KraneShares Emerging Markets Consumer Tech Idx ETF,KEMQ,1
Partner Communications Company Ltd,PTNR,1
"ViaSat, Inc.",VSAT,2
Bed Bath and Beyond Inc.,BBBY US,10
RESMED INC,RMD UN,1
TERRENO REALTY CORPORATION,TRNO,2
KONINKLIJKE AHOLD DELHAIZE N,AD NA,2
REGENCY CENTERS CORPORATION,REG US,9
BORALEX INC -A,BLX CN,3
JD SPORTS FASHION,JD/ LN,2
MAGAL SECURITY SYSTEMS LTD,MAGS,12
G. WILLIFOOD INTERNATIONAL LTD.,WILC US,4
SYSCO CORP,SYY UN,1
CREDIT AGRICOLE SA,ACA FP,1
BEIERSDORF AG,BEI GY,1
DANAHER CORP,DHR UN,4
HENGAN INTL GROUP,1044 HK,2
KINGDEE INTERNATIONAL SFTWR,268 HK,2
COVANTA HOLDING CORPORATION,CVA US,1
Intuit Inc.,INTU US,21
"SALESFORCE.COM, INC.",CRM US,34
BASF SE,BAS GY,1
ZENKOKU HOSHO CO LTD,7164 JP,1
The Coca-Cola Company,KO US,16
PARADOX INTERACTIVE AB,PDX SS,1
General Dynamics Corporation,GD US,8
AZURE POWER GLOBAL LIMITED,AZRE US,14
ABC MART INC,2670 JP,1
"VAIL RESORTS, INC.",MTN,3
CASIO COMPUTER CO LTD,6952 JP,1
MONMOUTH REAL ESTATE INVESTMENT CORPORATION,MNR,3
"RINGCENTRAL, INC.",RNG US,5
"ORION ENERGY SYSTEMS, INC.",OESX US,1
AAR CORP.,AIR,2
"THE ENSIGN GROUP, INC.",ENSG US,2
CAMPBELL SOUP CO,CPB UN,1
MIMECAST LIMITED,MIME US,10
Archer Daniels Midland Company,ADM,2
INPHI CORPORATION,IPHI US,6
"CORELOGIC, INC.",CLGX,1
"Aspen Technology, Inc.",AZPN US,4
Cubic Corporation,CUB,3
Shift4 Payments Inc,FOUR US,2
APTIV PLC,APTV US,8
MEGGITT PLC,MGGT LN,2
"HCA HEALTHCARE, INC.",HCA,1
ZoomInfo Technologies Inc,ZI,1
AZBIL CORP,6845 JP,2
IIDA GROUP HOLDINGS CO LTD,3291 JP,2
WAYFAIR INC.,W,7
BROWN-FORMAN CORP-CLASS B,BF/B,2
"CenturyTel, Inc.",CTL,5
FISHER and PAYKEL HEALTHCARE C,FPH NZ,2
MITSUI OSK LINES LTD,9104 JP,1
CYBERARK SOFTWARE LTD.,CYBR US,16
"JD.COM, INC.",JD US,20
Polo Ralph Lauren Corporation,RL US,3
"CARMAX, INC.",KMX US,3
"INNOVATIVE INDUSTRIAL PROPERTIES, INC.",IIPR,4
"CMC MATERIALS, INC.",CCMP,3
BOOHOO GROUP PLC,BOO LN,2
"MOBILEIRON, INC.",MOBL US,3
Willis Towers Watson Public Limited Company,WLTW US,1
Microchip Technology Inc.,MCHP US,9
"Washington Mutual, Inc.",WM US,6
"Wal-Mart Stores, Inc.",WMT US,29
"APELLIS PHARMACEUTICALS, INC.",APLS US,1
FREENET AG,FNTN GY,2
"PEOPLEand#39;S UNITED FINANCIAL, INC.",PBCT US,3
CINEWORLD GROUP PLC,CINE LN,17
GREEN THUMB INDUSTRIES INC,GTII CN,5
Agilent Technologies Inc.,A US,3
"Oand#39;Reilly Automotive, Inc.",ORLY US,4
Cascade Natural Gas Corporation,CGC,7
CURO GROUP HOLDINGS CORP.,CURO,1
"Autodesk, Inc.",ADSK US,10
SEI INVESTMENTS COMPANY,SEIC,1
Itau Unibanco Holding SA,ITUB,6
HUTCHISON PORT HOLDINGS TR-U,HPHT SP,1
"HOLOGIC, INC.",HOLX US,3
FUCHS PETROLUB SE -PREF,FPE3 GY,1
BANK OF CHINA,3988 HK,1
ABIOMED INC,ABMD UQ,1
ECOLAB INC.,ECL US,7
CYBERDYNE INC,7779 JP,1
AIR FRANCE-KLM,AF FP,1
AAK AB,AAK SS,1
JOHNSON MATTHEY,JMAT LN,1
ACCOR SA,AC FP,1
TEAMVIEWER,TMV GR,2
AUTOGRILL SPA,AGL IM,2
"IDEXX Laboratories, Inc.",IDXX,4
"Marsh and McLennan Companies, Inc.",MMC US,1
ESKER SA,ALESK FP,2
ROTORK PLC,ROR LN,1
MSCI INC.,MSCI US,9
AGEAS,AGS BB,1
INDUSTRIAL and INFRASTRUCTURE,3249 JP,1
THE WALT DISNEY CO,DIS UN,5
"YUM CHINA HOLDINGS, INC.",YUMC US,19
DEUTSCHE WOHNEN AG-BR,DWNI GY,2
Signature Bank,SBNY US,3
"Blackbaud, Inc.",BLKB US,5
LVMH MOET HENNESSY LOUIS VUI,MC FP,4
"WYNDHAM HOTELS andamp; RESORTS, INC.",WH US,1
NEXI SPA,NEXI IM,3
BIDVEST GROUP,BVT SJ,1
SEVERN TRENT PLC,SVT LN,1
TULLOW OIL PLC,TLW LN,1
CAMECO CORPORATION,CCJ US,7
BITAUTO HOLDINGS LTD-ADR,BITA US,2
"IAA, INC.",IAA US,2
FIELMANN AG,FIE GY,2
EASYJET PLC,EZJ LN,6
SEGRO PLC,SGRO LN,2
HOCHTIEF AG,HOT GY,1
PLAYTECH LTD,PTEC LN,2
ICU MEDICAL INC,ICUI UW,1
"Honda Motor Co., Ltd.",HMC US,1
ZTE CORP-H,763 HK,1
BECHTLE AG,BC8 GR,11
Toyota Motor Corporation,TM US,2
RECKITT BENCKISER,RB- LN,6
Extended Stay America Inc,STAY US,1
DAVIDE CAMPARI-MILANO N.V,CPR IM,1
WPP PLC,WPP,2
"FIREEYE, INC.",FEYE,7
"Wynn Resorts, Limited",WYNN US,1
BRUKER CORP,BRKR UQ,1
SAKATA SEED CORP,1377 JP,1
Nestle Ltd.,NSRGY,6
GENMAB A/S,GMAB DC,2
MAGELLAN FIN,MFG AU,1
SUNDRUG,9989 JP,1
UBER TECHNOLOGIES INC,UBER US,3
HOWMET AEROSPACE INC.,HWM,2
eGain Corporation,EGAN US,8
WEEDMD INC,WMD CN,2
SBA Communications Corporation,SBAC US,7
Teva Pharmaceutical Industries Ltd,TEVA,47
BOYD GAMING CORPORATION,BYD US,1
"SHUTTERSTOCK, INC.",SSTK US,1
DEUTSCHE BANK AG NA O.N.,DB,3
MASCO CORPORATION,MAS,5
VARIAN MEDICAL SYSTEMS INC,VAR UN,1
AB SCIENCE SA,AB FP,1
MOODY S CORP,MCO UN,3
SKYWORTH DIGITAL HLDGS LTD,751 HK,1
HIKMA PHARMACEUTICALS PLC,HIK LN,1
"THE GREENBRIER COMPANIES, INC.",GBX,6
MONDI PLC,MNDI LN,4
GRAND CITY PROPE,GYC GY,27
Baxter International Inc.,BAX US,4
"BWX TECHNOLOGIES, INC.",BWXT US,1
WETHERSPOON (J.D.) PLC,JDW LN,1
AMERICOLD REALTY TRUST,COLD,2
BEIGENE LTD-ADR,BGNE UW,1
"MEDNAX, INC.",MD,2
BELLWAY,BWY LN,2
"CONSOLIDATED EDISON, INC.",ED US,3
VOPAK,VPK NA,1
VIACOMCBS INC.,VIAC,2
Abbott Laboratories,ABT US,17
CHINA MENGNIU DAITRY CO,2319 HK,1
ADVANCED DISPOSAL SERVICES I,ADSW US,1
CTS EVENTIM AG and CO KGAA,EVD GY,4
APHRIA INC,APHA CN,4
MERCK AND CO INC,MRK US,26
VOLKSWAGEN AG-PREF,VOW3 GY,2
DERWENT LONDON PLC,DLN LN,2
ULVAC INC,6728 JP,1
"ADAMAS PHARMACEUTICALS, INC.",ADMS,2
COUNTRYSIDE PROPERTIES PLC,CSP LN,1
SHANDONG WEIGAO GP MEDICAL-H,1066 HK,1
GENSIGHT BIOLOGICS SA,SIGHT FP,1
BERKELEY GROUP,BKG LN,1
GALAPAGOS NV,GLPG NA,1
BILIA SS,BILIA SS,1
ABB LIMITED,ABBN SW,1
SOFTBANK GROUP CORP,9984 JP,2
"US ECOLOGY, INC.",ECOL US,1
COCHLEAR LTD,COH AU,2
"Toll Brothers, Inc.",TOL,2
KONGSBERG GRUPPEN ASA,KOG NO,1
LIBERTY LATIN AMERICA LTD.,LILAK,1
CENTENE CORPORATION,CNC US,17
"LIMELIGHT NETWORKS, INC.",LLNW,1
SAMSUNG ELECTR-GDR REG S,SMSN LI,15
Nitori Holdings,9843 JP,1
CRISPR THERAPEUTICS AG,CRSP UQ,1
LEGAL and GENERAL GROUP PLC,LGEN LN,2
TONIX PHARMACEUTICALS HOLDING CORP.,TNXP,1
SANOFI,SAN FP,1
Franco-Nevada Corporation,FNV,1
Taiwan Semiconductor Mfg. Co. Ltd.,TSM US,35
Steel Partners Holdings LP,SPLP,1
"Simon Property Group, Inc",SPG,43
INTERCONTINENTAL HOTELS GROUP PLC,IHG US,2
AIA GROUP LTD,1299 HK,2
SMS CO LTD,2175 JP,1
Z Holdings Corporation,YAHOY US,3
NEC CORP,6701 JP,1
FERROVIAL SA,FER SM,1
SOHGO SECURITY SEEVICES CO LTD,2331 JP,1
KAUFMAN and BROAD SA,KOF FP,1
"AMERICAN FINANCE TRUST, INC.",AFIN,1
INTERNATIONAL FLAVORS andamp; FRAGRANCES INC.,IFF US,6
THE SCOTTS MIRACLE-GRO COMPANY,SMG,4
QIAGEN N.V.,QGEN US,3
HAIER ELECTRONICS GROUP CO,1169 HK,1
"Goldman Sachs Group, Inc.",GS US,11
A. O. Smith Corporation,AOS US,1
UPWORK INC.,UPWK US,2
CHINA MAPLE LEAF EDUCATIONAL SYSTEM LTD,1317 HK,2
Star Group LP,SGU,1
ZYNGA INC.,ZNGA US,14
Microsoft Corporation,MSFT,214
PAYLOCITY HOLDING CORPORATION,PCTY US,3
KION GROUP AG,KGX GY,4
KLAB INC,3656 JP,1
"IRONWOOD PHARMACEUTICALS, INC.",IRWD,1
Petroleo Brasileiro S.A.,PBR US,5
Phillips-Van Heusen Corporation,PVH,3
AFTERPAY TOUCH GROUP LTD,APT AU,1
SIEMENSAG,SIE GR,1
TNE,TNE AU,1
"SSandamp;C TECHNOLOGIES HOLDINGS, INC.",SSNC US,11
"United Natural Foods,Inc.",UNFI,3
EXTRA SPACE STORAGE INC.,EXR,2
"PepsiCo, Inc.",PEP US,14
SIEMENS GAMESA RENEWBLE,SGRE SM,1
"TPI COMPOSITES, INC.",TPIC US,2
FORTESCUE METALS GROUP LTD,FMG AU,1
STORE CAPITAL CORPORATION,STOR US,2
RECRUIT HOLDINGS CO LTD,6098 JP,1
SARTORIUS STEDIM BIOTECH,DIM FP,5
LIXIL GROUP CORP,5938 JP,1
Peabody Energy Corporation,BTU US,1
GREEN DOT CORPORATION,GDOT,3
COSMOS PHARMACEUTICAL,3349 JP,1
BIOGEN INC,BIIB UW,1
VIVINT SOLAR INC,VSLR US,1
COMMUNITY HEALTHCARE TRUST INCORPORATED,CHCT,1
RIGHTMOVE PLC,RMV LN,2
Thermo Fisher Scientific Inc.,TMO US,17
"SWITCH, INC.",SWCH US,2
"HEALTHCARE SERVICES GROUP, INC.",HCSG,2
HAKUHODO DY HOLDINGS INC,2433 JP,1
SMILES FIDELIDADE SA,SMLS3 BZ,1
"RYDER SYSTEM, INC.",R,1
PING AN INSURANCE GROUP CO,2318 HK,3
YDUQS PART,YDUQ3 BZ,1
"Thermage, Inc.",THRM US,1
"PURE STORAGE, INC.",PSTG US,4
OMEROS CORP,OMER UQ,1
"CELLDEX THERAPEUTICS, INC.",CLDX,3
Albemarle Corporation,ALB US,1
ENGIE,ENGI FP,2
CLINIGEN GROUP PLC,CLIN LN,1
MOMO INC.,MOMO US,38
EXPERIAN PLC,EXPN LN,1
"Gaming and Leisure Properties, Inc.",GLPI US,1
TALANX AG,TLX GY,1
Sequans Communications SA,SQNS US,1
"CAREDX, INC.",CDNA,1
Allot Communications Ltd.,ALLT US,4
UNIPER SE,UN01 GY,4
KOGAN.COM LTD,KGN AU,1
INGHAMS GROUP LTD,ING AU,1
SECOM CO LTD,9735 JP,1
COMPASS GROUP PLC,CPG LN,1
SCATEC SOLAR ASA,SSO NO,7
"VENTAS, INC.",VTR,1
IRON MOUNTAIN INCORPORATED,IRM US,3
UMICORE,UMI BB,2
MARRIOTT VACATIONS WORLDWIDE CORPORATION,VAC US,1
Polaris Industries Inc.,PII US,3
NOVARTIS AG-ADR,NVS UN,5
BARCO N.V.,BAR BB,1
CENTRUS ENERGY CORP.,LEU,1
ROCHE HOLDING AG GENUSSCHEIN,ROG SW,1
48NORTH CANNABIS CORP,NRTH CN,1
LIFETECH SCIENTIFIC CORP,1302 HK,1
WHIRLPOOL CORPORATION,WHR,3
WAYLAND GROUP CORP,WAYL CN,3
"SYKES ENTERPRISES, INCORPORATED",SYKE,1
SOCIETE GENERALE-A,GLE FP,1
HEXO CORP.,HEXO,1
"United Parcel Service, Inc.",UPS US,11
HAPAG-LLOYD AG,HLAG GY,1
DaVita Inc.,DVA US,3
KONINKLIJKE PHILIPS ELECTRON,PHIA NA,1
SOLARIA ENERGIA Y MEDIO AMBI,SLR SM,7
ATOS SE,ATO FP,1
BOMBARDIER INC-B,BBD/B CN,1
"Cree, Inc.",CREE,2
The Cheesecake Factory Incorporated,CAKE,3
"INTERNATIONAL MONEY EXPRESS, INC.",IMXI US,1
WUXI BIOLOGICS CAYMAN INC,2269 HK,3
"Host Hotels and Resorts, Inc.",HST US,3
PLANET 13 HOLDINGS INC,PLTH CN,2
SCHNEIDER ELECTRIC,SU FP,1
Vivo Participacoes S.A.,VIV US,1
"ROLLINS, INC.",ROL US,4
"EOG Resources, Inc.",EOG US,2
REPLY SPA,REY IM,4
ManTech International Corporation,MANT,2
THE SOUTHERN COMPANY,SO US,3
IND and COMM BK OF CHINA-H,1398 HK,1
ALGONQUIN POWER and UTILITIES,AQN CN,1
MINERAL RESOURCES LTD,MIN AU,1
"Apple Hospitality REIT, Inc.",APLE US,1
ROYAL DUTCH SHELL PLC-A SHS,RDSA NA,1
"STRATA Skin Sciences, Inc.",SSKN US,1
SPIRAX-SARCO ENGINEERING PLC,SPX LN,1
"PRA HEALTH SCIENCES, INC.",PRAH US,6
POSCO,PKX US,2
UNICREDIT SPA,UCG IM,1
DUCOMMUN INCORPORATED,DCO US,1
CNOOC Limited,CEO US,2
"Tabula Rasa HealthCare, Inc.",TRHC US,2
RIO TINTO LTD,RIO AU,1
"LENDINGTREE, INC.",TREE,7
SOJITZ,2768 JP,1
TREASURY WINE ESTATES LTD,TWE AU,1
CYTOSORBENTS CORPORATION,CTSO,1
"ASPEN GROUP, INC.",ASPU,1
TAG IMMOBILIEN AG,TEG GY,3
SOSEI GROUP CORP,4565 JP,1
HOLLYSYS AUTOMATION TECHNOLOGIES LTD.,HOLI US,3
BLACKBERRY LIMITED,BB,1
KURITA WATER INDUSTRIES L,6370 JP,1
"FIDELITY NATIONAL INFORMATION SERVICES, INC.",FIS US,14
CHINA LONGYUAN POWER,916 HK,2
LIBERTY GLOBAL PLC,LBTYK,1
SIGNET JEWELERS LIMITED,SIG US,1
"SUMMIT HOTEL PROPERTIES, INC.",INN,1
CHINA RESOURCES POWER HOLDIN,836 HK,1
United Therapeutics Corporation,UTHR,2
Mine Safety Appliances,MSA,1
CARLISLE COMPANIES INCORPORATED,CSL US,3
HUAMI CORP - ADR,HMI UN,1
Exelon Corporation,EXC,1
NISSAN MOTOR CO LTD,7201 JP,2
"ALASKA AIR GROUP, INC.",ALK,3
MOTOROLA SOLUTIONS INC,MSI UN,2
Gilat Satellite Networks Ltd.,GILT,2
Ituran Location and Control Ltd.,ITRN US,34
CHINA COMMUNICATIONS CONST-H,1800 HK,1
Zebra Technologies Corp.,ZBRA US,8
RINO INTERNATIONAL CORPORATION,RINO,1
QUTOUTIAO INC.,QTT,1
CELLECTIS - ADR,CLLS UQ,1
PEOPLE S INSURANCE CO GROU-H,1339 HK,1
FIRE and FLOWER HOLDINGS CORP,FAF CN,2
ADT INC.,ADT US,4
"MONOLITHIC POWER SYSTEMS, INC.",MPWR,1
SIKA AG-REG,SIKA SW,2
HERC HOLDINGS INC.,HRI,2
Central North Airport Group,OMAB US,1
PPL Corporation,PPL UN,2
ELEKTA AB-B SHS,EKTAB SS,1
HASEKO CORP,1808 JP,2
WORKIVA INC.,WK US,3
GLU MOBILE INC.,GLUU,2
INFORMA PLC,INF LN,2
DIPLOMA PLC,DPLM LN,1
"Roper Industries, Inc.",ROP US,7
"SPIRIT AEROSYSTEMS HOLDINGS, INC.",SPR,10
"COMPASS MINERALS INTERNATIONAL, INC.",CMP US,2
Teledyne Technologies Incorporated,TDY US,6
"BIG LOTS, INC.",BIG,6
SCIENCE APPLICATIONS INTERNATIONAL CORPORATION,SAIC US,7
SYSCO Corporation,SYY,4
VARTA AG,VAR1 GY,1
"Mohawk Group Holdings, Inc.",MWK US,2
"ESSENTIAL PROPERTIES REALTY TRUST, INC.",EPRT,1
"FUNKO, INC.",FNKO,3
Tiffany and Co.,TIF US,3
"INTERCEPT PHARMACEUTICALS, INC.",ICPT,3
ALLIANZ AG-REG,ALV GY,1
PROTECTOR FORSIKRING ASA,PROTCT NO,1
DUKE ENERGY CORPORATION,DUK US,3
LIFCO AB-B SHS,LIFCOB SS,1
Diageo plc,DEO US,3
CyberOptics Corporation,CYBE,1
FRESENIUS MEDICAL CARE,FME GR,1
BELLWAY PLC,BWY LN,1
SONIC HEALTH CARE,SHL AU,1
AEM HOLDINGS LTD,AEM SP,1
"KANDI TECHNOLOGIES GROUP, INC.",KNDI,2
"RIMINI STREET, INC.",RMNI US,1
PEPTIDREAM INC,4587 JP,1
Paypoint plc,PAYX US,4
"Morningstar, Inc.",MORN,3
MARKETAXESS HOLDINGS INC.,MKTX US,8
AMBU A/S-B,AMBUB DC,2
CHARLOTTES WEB HOLDINGS INC,CWEB CN,4
KKR andamp; CO. INC.,KKR US,25
ORPEA,ORP FP,1
MONOTARO CO LTD,3064 JP,1
Matsushita Electric Ind.,MC US,1
AMREST HOLDINGS SE,EAT PW,3
GLOBALWORTH REAL ESTATE,GWI LN,1
COLOPLAST-B,COLOB DC,2
TDK CORP,6762 JP,1
"GREENLIGHT CAPITAL RE, LTD.",GLRE,4
PAN AMERICAN SILVER CORP,PAAS US,2
"TYLER TECHNOLOGIES, INC.",TYL US,6
INNOVENT BIOLOGICS INC,1801 HK,1
CIE AUTOMOTIVE SA,CIE SM,1
SAP SE,SAP GY,6
ASX LTD,ASX AU,1
"PS BUSINESS PARKS, INC.",PSB,1
"Alnylam Pharmaceuticals, Inc.",ALNY US,3
REDHILL BIOPHARMA LTD,RDHL US,9
